Dataset,Model,Gamma,"First solution (X,Y,Z)",|X|+|Y|+|Z| (Objective value),Number of found solutions,"Time, s",Solver,HardWare,x,y,z
Mobile operators,M1,0.5,"(3, 113, 13)",128.99999999999997,6,11.433451,SciOpt,Linux | 24 x 12th Gen Intel(R) Core(TM) i9-12900KS 2.030666666666666 MHz | 62.55 GB,"[('x5', 1.0), ('x7', 0.9999999999999899), ('x16', 1.0)]","[('y1', 1.0), ('y2', 1.0), ('y3', 1.0), ('y4', 1.0), ('y5', 1.0), ('y6', 1.0), ('y7', 1.0), ('y8', 1.0), ('y9', 1.0), ('y10', 1.0), ('y11', 1.0), ('y12', 1.0), ('y13', 1.0), ('y14', 1.0), ('y15', 1.0), ('y16', 1.0), ('y17', 1.0), ('y18', 1.0), ('y19', 1.0), ('y20', 1.0), ('y21', 1.0), ('y22', 1.0), ('y23', 1.0), ('y24', 1.0), ('y25', 1.0), ('y26', 1.0), ('y27', 1.0), ('y28', 1.0), ('y29', 1.0), ('y30', 1.0), ('y31', 1.0), ('y32', 1.0), ('y33', 1.0), ('y34', 1.0), ('y35', 1.0), ('y36', 1.0), ('y37', 1.0), ('y38', 1.0), ('y39', 1.0), ('y40', 1.0), ('y41', 1.0), ('y42', 1.0), ('y43', 1.0), ('y44', 1.0), ('y45', 1.0), ('y46', 1.0), ('y47', 1.0), ('y48', 1.0), ('y49', 1.0), ('y50', 1.0), ('y51', 1.0), ('y52', 1.0), ('y53', 1.0), ('y54', 1.0), ('y55', 1.0), ('y56', 1.0), ('y57', 1.0), ('y58', 1.0), ('y59', 1.0), ('y60', 1.0), ('y61', 1.0), ('y62', 1.0), ('y63', 1.0), ('y64', 1.0), ('y65', 1.0), ('y66', 1.0), ('y67', 1.0), ('y68', 1.0), ('y69', 1.0), ('y70', 1.0), ('y71', 1.0), ('y72', 1.0), ('y73', 1.0), ('y74', 1.0), ('y75', 1.0), ('y76', 1.0), ('y77', 1.0), ('y78', 1.0), ('y79', 1.0), ('y80', 1.0), ('y81', 1.0), ('y82', 1.0), ('y83', 1.0), ('y84', 1.0), ('y85', 1.0), ('y86', 1.0), ('y87', 1.0), ('y88', 1.0), ('y89', 1.0), ('y90', 1.0), ('y91', 1.0), ('y92', 1.0), ('y93', 1.0), ('y94', 1.0), ('y95', 1.0), ('y96', 1.0), ('y97', 1.0), ('y98', 1.0), ('y99', 1.0), ('y100', 1.0), ('y101', 1.0), ('y102', 1.0), ('y103', 1.0), ('y104', 1.0), ('y105', 1.0), ('y106', 1.0), ('y107', 1.0), ('y108', 1.0), ('y109', 1.0), ('y110', 1.0), ('y111', 1.0), ('y112', 1.0), ('y113', 1.0)]","[('z1', 1.0), ('z2', 1.0), ('z3', 1.0), ('z4', 1.0), ('z5', 1.0), ('z6', 1.0), ('z7', 1.0), ('z10', 1.0), ('z11', 0.9999999999999825), ('z12', 1.0), ('z13', 1.0), ('z14', 1.0), ('z16', 1.0)]"
Mobile operators,M1,0.6,"(5, 113, 7)",125.0,7,17.142611,SciOpt,Linux | 24 x 12th Gen Intel(R) Core(TM) i9-12900KS 1.4134166666666665 MHz | 62.55 GB,"[('x3', 1.0), ('x5', 1.0), ('x7', 1.0), ('x8', 1.0), ('x16', 1.0)]","[('y1', 1.0), ('y2', 1.0), ('y3', 1.0), ('y4', 1.0), ('y5', 1.0), ('y6', 1.0), ('y7', 1.0), ('y8', 1.0), ('y9', 1.0), ('y10', 1.0), ('y11', 1.0), ('y12', 1.0), ('y13', 1.0), ('y14', 1.0), ('y15', 1.0), ('y16', 1.0), ('y17', 1.0), ('y18', 1.0), ('y19', 1.0), ('y20', 1.0), ('y21', 1.0), ('y22', 1.0), ('y23', 1.0), ('y24', 1.0), ('y25', 1.0), ('y26', 1.0), ('y27', 1.0), ('y28', 1.0), ('y29', 1.0), ('y30', 1.0), ('y31', 1.0), ('y32', 1.0), ('y33', 1.0), ('y34', 1.0), ('y35', 1.0), ('y36', 1.0), ('y37', 1.0), ('y38', 1.0), ('y39', 1.0), ('y40', 1.0), ('y41', 1.0), ('y42', 1.0), ('y43', 1.0), ('y44', 1.0), ('y45', 1.0), ('y46', 1.0), ('y47', 1.0), ('y48', 1.0), ('y49', 1.0), ('y50', 1.0), ('y51', 1.0), ('y52', 1.0), ('y53', 1.0), ('y54', 1.0), ('y55', 1.0), ('y56', 1.0), ('y57', 1.0), ('y58', 1.0), ('y59', 1.0), ('y60', 1.0), ('y61', 1.0), ('y62', 1.0), ('y63', 1.0), ('y64', 1.0), ('y65', 1.0), ('y66', 1.0), ('y67', 1.0), ('y68', 1.0), ('y69', 1.0), ('y70', 1.0), ('y71', 1.0), ('y72', 1.0), ('y73', 1.0), ('y74', 1.0), ('y75', 1.0), ('y76', 1.0), ('y77', 1.0), ('y78', 1.0), ('y79', 1.0), ('y80', 1.0), ('y81', 1.0), ('y82', 1.0), ('y83', 1.0), ('y84', 1.0), ('y85', 1.0), ('y86', 1.0), ('y87', 1.0), ('y88', 1.0), ('y89', 1.0), ('y90', 1.0), ('y91', 1.0), ('y92', 1.0), ('y93', 1.0), ('y94', 1.0), ('y95', 1.0), ('y96', 1.0), ('y97', 1.0), ('y98', 1.0), ('y99', 1.0), ('y100', 1.0), ('y101', 1.0), ('y102', 1.0), ('y103', 1.0), ('y104', 1.0), ('y105', 1.0), ('y106', 1.0), ('y107', 1.0), ('y108', 1.0), ('y109', 1.0), ('y110', 1.0), ('y111', 1.0), ('y112', 1.0), ('y113', 1.0)]","[('z3', 1.0), ('z4', 1.0), ('z5', 1.0), ('z6', 1.0), ('z7', 1.0), ('z10', 1.0), ('z16', 0.9999999999999997)]"
Mobile operators,M1,0.7,"(1, 113, 8)",122.0,4,17.964119,SciOpt,Linux | 24 x 12th Gen Intel(R) Core(TM) i9-12900KS 1.4114583333333333 MHz | 62.55 GB,"[('x2', 1.0)]","[('y1', 1.0), ('y2', 1.0), ('y3', 1.0), ('y4', 1.0), ('y5', 1.0), ('y6', 1.0), ('y7', 1.0), ('y8', 1.0), ('y9', 1.0), ('y10', 1.0), ('y11', 1.0), ('y12', 1.0), ('y13', 1.0), ('y14', 1.0), ('y15', 1.0), ('y16', 1.0), ('y17', 1.0), ('y18', 1.0), ('y19', 1.0), ('y20', 1.0), ('y21', 1.0), ('y22', 1.0), ('y23', 1.0), ('y24', 1.0), ('y25', 1.0), ('y26', 1.0), ('y27', 1.0), ('y28', 1.0), ('y29', 1.0), ('y30', 1.0), ('y31', 1.0), ('y32', 1.0), ('y33', 1.0), ('y34', 1.0), ('y35', 1.0), ('y36', 1.0), ('y37', 1.0), ('y38', 1.0), ('y39', 1.0), ('y40', 1.0), ('y41', 1.0), ('y42', 1.0), ('y43', 1.0), ('y44', 1.0), ('y45', 1.0), ('y46', 1.0), ('y47', 1.0), ('y48', 1.0), ('y49', 1.0), ('y50', 1.0), ('y51', 1.0), ('y52', 1.0), ('y53', 1.0), ('y54', 1.0), ('y55', 1.0), ('y56', 1.0), ('y57', 1.0), ('y58', 1.0), ('y59', 1.0), ('y60', 1.0), ('y61', 1.0), ('y62', 1.0), ('y63', 1.0), ('y64', 1.0), ('y65', 1.0), ('y66', 1.0), ('y67', 1.0), ('y68', 1.0), ('y69', 1.0), ('y70', 1.0), ('y71', 1.0), ('y72', 1.0), ('y73', 1.0), ('y74', 1.0), ('y75', 1.0), ('y76', 1.0), ('y77', 1.0), ('y78', 1.0), ('y79', 1.0), ('y80', 1.0), ('y81', 1.0), ('y82', 1.0), ('y83', 1.0), ('y84', 1.0), ('y85', 1.0), ('y86', 1.0), ('y87', 1.0), ('y88', 1.0), ('y89', 1.0), ('y90', 1.0), ('y91', 1.0), ('y92', 1.0), ('y93', 1.0), ('y94', 1.0), ('y95', 1.0), ('y96', 1.0), ('y97', 1.0), ('y98', 1.0), ('y99', 1.0), ('y100', 1.0), ('y101', 1.0), ('y102', 1.0), ('y103', 1.0), ('y104', 1.0), ('y105', 1.0), ('y106', 1.0), ('y107', 1.0), ('y108', 1.0), ('y109', 1.0), ('y110', 1.0), ('y111', 1.0), ('y112', 1.0), ('y113', 1.0)]","[('z1', 1.0), ('z3', 1.0), ('z4', 1.0), ('z5', 1.0), ('z6', 1.0), ('z7', 1.0), ('z10', 1.0), ('z16', 1.0)]"
Mobile operators,M1,0.7999999999999999,"(1, 113, 7)",121.0,7,20.374249,SciOpt,Linux | 24 x 12th Gen Intel(R) Core(TM) i9-12900KS 2.0304999999999995 MHz | 62.55 GB,"[('x16', 1.0)]","[('y1', 1.0), ('y2', 1.0), ('y3', 1.0), ('y4', 1.0), ('y5', 1.0), ('y6', 1.0), ('y7', 1.0), ('y8', 1.0), ('y9', 1.0), ('y10', 1.0), ('y11', 1.0), ('y12', 1.0), ('y13', 1.0), ('y14', 1.0), ('y15', 1.0), ('y16', 1.0), ('y17', 1.0), ('y18', 1.0), ('y19', 1.0), ('y20', 1.0), ('y21', 1.0), ('y22', 1.0), ('y23', 1.0), ('y24', 1.0), ('y25', 1.0), ('y26', 1.0), ('y27', 1.0), ('y28', 1.0), ('y29', 1.0), ('y30', 1.0), ('y31', 1.0), ('y32', 1.0), ('y33', 1.0), ('y34', 1.0), ('y35', 1.0), ('y36', 1.0), ('y37', 1.0), ('y38', 1.0), ('y39', 1.0), ('y40', 1.0), ('y41', 1.0), ('y42', 1.0), ('y43', 1.0), ('y44', 1.0), ('y45', 1.0), ('y46', 1.0), ('y47', 1.0), ('y48', 1.0), ('y49', 1.0), ('y50', 1.0), ('y51', 1.0), ('y52', 1.0), ('y53', 1.0), ('y54', 1.0), ('y55', 1.0), ('y56', 1.0), ('y57', 1.0), ('y58', 1.0), ('y59', 1.0), ('y60', 1.0), ('y61', 1.0), ('y62', 1.0), ('y63', 1.0), ('y64', 1.0), ('y65', 1.0), ('y66', 1.0), ('y67', 1.0), ('y68', 1.0), ('y69', 1.0), ('y70', 1.0), ('y71', 1.0), ('y72', 1.0), ('y73', 1.0), ('y74', 1.0), ('y75', 1.0), ('y76', 1.0), ('y77', 1.0), ('y78', 1.0), ('y79', 1.0), ('y80', 1.0), ('y81', 1.0), ('y82', 1.0), ('y83', 1.0), ('y84', 1.0), ('y85', 1.0), ('y86', 1.0), ('y87', 1.0), ('y88', 1.0), ('y89', 1.0), ('y90', 1.0), ('y91', 1.0), ('y92', 1.0), ('y93', 1.0), ('y94', 1.0), ('y95', 1.0), ('y96', 1.0), ('y97', 1.0), ('y98', 1.0), ('y99', 1.0), ('y100', 1.0), ('y101', 1.0), ('y102', 1.0), ('y103', 1.0), ('y104', 1.0), ('y105', 1.0), ('y106', 1.0), ('y107', 1.0), ('y108', 1.0), ('y109', 1.0), ('y110', 1.0), ('y111', 1.0), ('y112', 1.0), ('y113', 1.0)]","[('z3', 1.0), ('z4', 1.0), ('z5', 1.0), ('z6', 1.0), ('z7', 1.0), ('z10', 1.0), ('z16', 1.0)]"
Mobile operators,M1,0.8999999999999999,"(1, 94, 6)",101.0,19,264.442242,SciOpt,Linux | 24 x 12th Gen Intel(R) Core(TM) i9-12900KS 1.4133333333333333 MHz | 62.55 GB,"[('x16', 1.0)]","[('y1', 1.0), ('y2', 1.0), ('y3', 1.0), ('y4', 1.0), ('y5', 1.0), ('y6', 1.0), ('y7', 1.0), ('y8', 1.0), ('y9', 1.0), ('y11', 1.0), ('y12', 1.0), ('y13', 1.0), ('y15', 1.0), ('y16', 1.0), ('y17', 1.0), ('y18', 1.0), ('y19', 1.0), ('y20', 1.0), ('y22', 1.0), ('y23', 1.0), ('y24', 1.0), ('y25', 1.0), ('y26', 1.0), ('y28', 1.0), ('y31', 1.0), ('y32', 1.0), ('y33', 1.0), ('y34', 1.0), ('y35', 1.0), ('y36', 1.0), ('y38', 1.0), ('y39', 1.0), ('y40', 1.0), ('y42', 1.0), ('y44', 1.0), ('y45', 1.0), ('y47', 1.0), ('y48', 1.0), ('y49', 1.0), ('y51', 1.0), ('y52', 1.0), ('y54', 1.0), ('y55', 1.0), ('y56', 1.0), ('y57', 1.0), ('y58', 1.0), ('y59', 1.0), ('y60', 1.0), ('y61', 1.0), ('y62', 1.0), ('y64', 1.0), ('y65', 1.0), ('y66', 1.0), ('y68', 1.0), ('y69', 1.0), ('y70', 1.0), ('y71', 1.0), ('y72', 1.0), ('y73', 1.0), ('y75', 1.0), ('y76', 1.0), ('y77', 1.0), ('y78', 1.0), ('y79', 1.0), ('y80', 1.0), ('y84', 1.0), ('y85', 1.0), ('y86', 1.0), ('y87', 1.0), ('y88', 1.0), ('y89', 1.0), ('y90', 1.0), ('y91', 1.0), ('y92', 1.0), ('y93', 1.0), ('y94', 1.0), ('y95', 1.0), ('y96', 1.0), ('y97', 1.0), ('y98', 1.0), ('y99', 1.0), ('y100', 1.0), ('y101', 1.0), ('y102', 1.0), ('y103', 1.0), ('y104', 1.0), ('y105', 1.0), ('y106', 1.0), ('y107', 1.0), ('y108', 1.0), ('y110', 1.0), ('y111', 1.0), ('y112', 1.0), ('y113', 1.0)]","[('z3', 1.0), ('z4', 1.0), ('z5', 1.0), ('z6', 1.0), ('z10', 1.0), ('z16', 1.0)]"
Mobile operators,M1,0.9999999999999999,"(1, 32, 7)",40.0,5,453.595905,SciOpt,Linux | 24 x 12th Gen Intel(R) Core(TM) i9-12900KS 1.359791666666667 MHz | 62.55 GB,"[('x16', 1.0)]","[('y3', 1.0), ('y7', 1.0), ('y8', 1.0), ('y25', 1.0), ('y28', 1.0), ('y32', 1.0), ('y33', 1.0), ('y35', 1.0), ('y36', 1.0), ('y40', 1.0), ('y45', 1.0), ('y47', 1.0), ('y51', 1.0), ('y55', 1.0), ('y56', 1.0), ('y57', 1.0), ('y60', 1.0), ('y75', 1.0), ('y77', 1.0), ('y78', 1.0), ('y79', 1.0), ('y85', 1.0), ('y86', 1.0), ('y88', 1.0), ('y90', 1.0), ('y96', 1.0), ('y99', 1.0), ('y103', 1.0), ('y104', 1.0), ('y105', 1.0), ('y106', 1.0), ('y111', 1.0)]","[('z3', 1.0), ('z4', 1.0), ('z5', 1.0), ('z6', 1.0), ('z7', 1.0), ('z10', 1.0), ('z16', 1.0)]"
Mobile operators,M2,0.5,"(9, 104, 7)",6.6813524537465,27,164.545608,SciOpt,Linux | 24 x 12th Gen Intel(R) Core(TM) i9-12900KS 1.299666666666667 MHz | 62.55 GB,"[('x3', 1.0), ('x5', 1.0), ('x6', 1.0), ('x7', 1.0), ('x8', 1.0), ('x12', 1.0), ('x14', 1.0), ('x15', 1.0), ('x16', 1.0)]","[('y1', 1.0), ('y2', 1.0), ('y3', 1.0), ('y4', 1.0), ('y5', 1.0), ('y6', 1.0), ('y7', 1.0), ('y8', 1.0), ('y9', 1.0), ('y11', 1.0), ('y12', 1.0), ('y13', 1.0), ('y14', 1.0), ('y15', 1.0), ('y16', 1.0), ('y17', 1.0), ('y18', 1.0), ('y19', 1.0), ('y20', 1.0), ('y21', 1.0), ('y22', 1.0), ('y23', 1.0), ('y24', 1.0), ('y25', 1.0), ('y26', 1.0), ('y27', 1.0), ('y28', 1.0), ('y30', 1.0), ('y31', 1.0), ('y32', 1.0), ('y33', 1.0), ('y34', 1.0), ('y35', 1.0), ('y36', 1.0), ('y38', 1.0), ('y39', 1.0), ('y40', 1.0), ('y41', 1.0), ('y42', 1.0), ('y43', 1.0), ('y44', 1.0), ('y45', 1.0), ('y46', 1.0), ('y47', 1.0), ('y48', 1.0), ('y49', 1.0), ('y50', 1.0), ('y51', 1.0), ('y52', 1.0), ('y54', 1.0), ('y55', 1.0), ('y56', 1.0), ('y57', 1.0), ('y58', 1.0), ('y59', 1.0), ('y60', 1.0), ('y61', 1.0), ('y63', 1.0), ('y64', 1.0), ('y65', 1.0), ('y66', 1.0), ('y68', 1.0), ('y69', 1.0), ('y70', 1.0), ('y71', 1.0), ('y72', 1.0), ('y73', 1.0), ('y74', 1.0), ('y75', 1.0), ('y76', 1.0), ('y77', 1.0), ('y78', 1.0), ('y79', 1.0), ('y80', 1.0), ('y82', 1.0), ('y83', 1.0), ('y84', 1.0), ('y85', 1.0), ('y86', 1.0), ('y87', 1.0), ('y88', 1.0), ('y89', 1.0), ('y90', 1.0), ('y91', 1.0), ('y92', 1.0), ('y93', 1.0), ('y94', 1.0), ('y95', 1.0), ('y96', 1.0), ('y97', 1.0), ('y98', 1.0), ('y99', 1.0), ('y100', 1.0), ('y101', 1.0), ('y102', 1.0), ('y103', 1.0), ('y104', 1.0), ('y105', 1.0), ('y106', 1.0), ('y107', 1.0), ('y108', 1.0), ('y110', 1.0), ('y111', 1.0), ('y112', 1.0)]","[('z3', 1.0), ('z4', 1.0), ('z5', 1.0), ('z6', 1.0), ('z7', 1.0), ('z10', 1.0), ('z16', 1.0)]"
Mobile operators,M2,0.6,"(6, 101, 6)",6.53276175451973,26,191.415836,SciOpt,Linux | 24 x 12th Gen Intel(R) Core(TM) i9-12900KS 2.1964999999999995 MHz | 62.55 GB,"[('x3', 1.0), ('x6', 1.0), ('x7', 1.0), ('x8', 1.0), ('x12', 1.0), ('x16', 1.0)]","[('y1', 1.0), ('y2', 1.0), ('y3', 1.0), ('y4', 1.0), ('y6', 1.0), ('y7', 1.0), ('y8', 1.0), ('y9', 1.0), ('y11', 1.0), ('y12', 1.0), ('y13', 1.0), ('y14', 1.0), ('y15', 1.0), ('y16', 1.0), ('y17', 1.0), ('y18', 1.0), ('y19', 1.0), ('y20', 1.0), ('y22', 1.0), ('y23', 1.0), ('y24', 1.0), ('y25', 1.0), ('y26', 1.0), ('y27', 1.0), ('y28', 1.0), ('y30', 1.0), ('y31', 1.0), ('y32', 1.0), ('y33', 1.0), ('y34', 1.0), ('y35', 1.0), ('y36', 1.0), ('y38', 1.0), ('y39', 1.0), ('y40', 1.0), ('y42', 1.0), ('y43', 1.0), ('y44', 1.0), ('y45', 1.0), ('y47', 1.0), ('y48', 1.0), ('y49', 1.0), ('y50', 1.0), ('y51', 1.0), ('y52', 1.0), ('y54', 1.0), ('y55', 1.0), ('y56', 1.0), ('y57', 1.0), ('y58', 1.0), ('y59', 1.0), ('y60', 1.0), ('y61', 1.0), ('y62', 1.0), ('y64', 1.0), ('y65', 1.0), ('y66', 1.0), ('y68', 1.0), ('y69', 1.0), ('y70', 1.0), ('y71', 1.0), ('y72', 1.0), ('y73', 1.0), ('y74', 1.0), ('y75', 1.0), ('y76', 1.0), ('y77', 1.0), ('y78', 1.0), ('y79', 1.0), ('y80', 1.0), ('y82', 1.0), ('y83', 1.0), ('y84', 1.0), ('y85', 1.0), ('y86', 1.0), ('y87', 1.0), ('y88', 1.0), ('y89', 1.0), ('y90', 1.0), ('y91', 1.0), ('y92', 1.0), ('y93', 1.0), ('y94', 1.0), ('y95', 1.0), ('y96', 1.0), ('y97', 1.0), ('y98', 1.0), ('y99', 1.0), ('y100', 1.0), ('y101', 1.0), ('y102', 1.0), ('y103', 1.0), ('y104', 1.0), ('y105', 1.0), ('y106', 1.0), ('y107', 1.0), ('y108', 1.0), ('y110', 1.0), ('y111', 1.0), ('y112', 1.0), ('y113', 1.0)]","[('z3', 1.0), ('z4', 1.0), ('z5', 1.0), ('z6', 1.0), ('z10', 1.0), ('z16', 1.0)]"
Mobile operators,M2,0.7,"(4, 86, 7)",6.30889842884918,58,620.848855,SciOpt,Linux | 24 x 12th Gen Intel(R) Core(TM) i9-12900KS 1.648458333333333 MHz | 62.55 GB,"[('x6', 1.0), ('x7', 1.0), ('x8', 1.0), ('x16', 1.0)]","[('y1', 1.0), ('y2', 1.0), ('y3', 1.0), ('y4', 1.0), ('y6', 1.0), ('y7', 1.0), ('y8', 1.0), ('y9', 1.0), ('y11', 1.0), ('y12', 1.0), ('y13', 1.0), ('y14', 1.0), ('y15', 1.0), ('y17', 1.0), ('y19', 1.0), ('y23', 1.0), ('y25', 1.0), ('y27', 1.0), ('y28', 1.0), ('y30', 1.0), ('y31', 1.0), ('y32', 0.9999999999999999), ('y33', 1.0), ('y34', 1.0), ('y35', 1.0), ('y36', 1.0), ('y38', 1.0), ('y39', 1.0), ('y40', 1.0), ('y42', 1.0), ('y43', 1.0), ('y44', 1.0), ('y45', 1.0), ('y47', 1.0), ('y49', 1.0), ('y50', 1.0), ('y51', 1.0), ('y52', 1.0), ('y54', 1.0), ('y55', 1.0), ('y56', 1.0), ('y57', 1.0), ('y58', 1.0), ('y59', 1.0), ('y60', 1.0), ('y64', 1.0), ('y66', 1.0), ('y68', 1.0), ('y69', 1.0), ('y70', 1.0), ('y71', 1.0), ('y73', 1.0), ('y74', 1.0), ('y75', 1.0), ('y76', 1.0), ('y77', 1.0), ('y78', 1.0), ('y79', 1.0), ('y80', 1.0), ('y82', 1.0), ('y83', 1.0), ('y85', 1.0), ('y86', 1.0), ('y87', 1.0), ('y88', 1.0), ('y90', 1.0), ('y91', 1.0), ('y92', 1.0), ('y93', 1.0), ('y94', 1.0), ('y95', 1.0), ('y96', 1.0), ('y97', 1.0), ('y98', 1.0), ('y99', 1.0), ('y100', 1.0), ('y101', 1.0), ('y103', 1.0), ('y104', 1.0), ('y105', 1.0), ('y106', 1.0), ('y107', 1.0), ('y108', 1.0), ('y110', 1.0), ('y111', 1.0), ('y112', 1.0)]","[('z3', 1.0), ('z4', 1.0), ('z5', 1.0), ('z6', 1.0), ('z7', 1.0), ('z10', 1.0), ('z16', 1.0)]"
Mobile operators,M2,0.7999999999999999,"(3, 60, 6)",6.0258659738253195,59,2061.30011,SciOpt,Linux | 24 x 12th Gen Intel(R) Core(TM) i9-12900KS 1.185791666666667 MHz | 62.55 GB,"[('x3', 1.0), ('x7', 1.0), ('x16', 1.0)]","[('y2', 1.0), ('y3', 1.0), ('y4', 1.0), ('y7', 1.0), ('y8', 1.0), ('y9', 1.0), ('y20', 1.0), ('y25', 1.0), ('y28', 1.0), ('y31', 1.0), ('y32', 1.0), ('y33', 1.0), ('y35', 1.0), ('y36', 1.0), ('y38', 1.0), ('y39', 1.0), ('y40', 1.0), ('y45', 1.0), ('y47', 1.0), ('y48', 1.0), ('y51', 1.0), ('y52', 1.0), ('y54', 1.0), ('y55', 1.0), ('y56', 1.0), ('y57', 1.0), ('y60', 1.0), ('y66', 1.0), ('y68', 1.0), ('y69', 1.0), ('y70', 1.0), ('y73', 1.0), ('y75', 1.0), ('y76', 1.0), ('y77', 1.0), ('y78', 1.0), ('y79', 1.0), ('y80', 1.0), ('y84', 1.0), ('y85', 1.0), ('y86', 1.0), ('y88', 1.0), ('y89', 1.0), ('y90', 1.0), ('y91', 1.0), ('y92', 1.0), ('y93', 1.0), ('y94', 1.0), ('y95', 1.0), ('y96', 1.0), ('y99', 1.0), ('y100', 1.0), ('y102', 1.0), ('y103', 1.0), ('y104', 1.0), ('y105', 1.0), ('y106', 1.0), ('y107', 1.0), ('y110', 1.0), ('y111', 1.0)]","[('z3', 1.0), ('z4', 1.0), ('z5', 1.0), ('z6', 1.0), ('z10', 1.0), ('z16', 1.0)]"
Mobile operators,M2,0.8999999999999999,"(2, 35, 7)",5.535363823031254,41,3732.33071,SciOpt,Linux | 24 x 12th Gen Intel(R) Core(TM) i9-12900KS 1.4702499999999998 MHz | 62.55 GB,"[('x3', 1.0), ('x16', 1.0)]","[('y3', 1.0), ('y7', 1.0), ('y8', 1.0), ('y25', 1.0), ('y28', 1.0), ('y32', 1.0), ('y33', 1.0), ('y35', 1.0), ('y36', 1.0), ('y40', 1.0), ('y45', 1.0), ('y47', 1.0), ('y51', 1.0), ('y54', 1.0), ('y55', 1.0), ('y56', 1.0), ('y57', 1.0), ('y60', 1.0), ('y75', 1.0), ('y77', 1.0), ('y78', 1.0), ('y79', 1.0), ('y85', 1.0), ('y86', 1.0), ('y88', 1.0), ('y90', 1.0), ('y93', 1.0), ('y94', 1.0), ('y96', 1.0), ('y99', 1.0), ('y103', 1.0), ('y104', 1.0), ('y105', 1.0), ('y106', 1.0), ('y111', 1.0)]","[('z3', 1.0), ('z4', 1.0), ('z5', 1.0), ('z6', 1.0), ('z7', 1.0), ('z10', 1.0), ('z16', 1.0)]"
Mobile operators,M2,0.9999999999999999,"(1, 32, 7)",5.41164605185504,23,10660.080465,SciOpt,Linux | 24 x 12th Gen Intel(R) Core(TM) i9-12900KS 1.8049166666666663 MHz | 62.55 GB,"[('x16', 1.0)]","[('y3', 1.0), ('y7', 1.0), ('y8', 1.0), ('y25', 1.0), ('y28', 1.0), ('y32', 1.0), ('y33', 1.0), ('y35', 1.0), ('y36', 1.0), ('y40', 1.0), ('y45', 1.0), ('y47', 1.0), ('y51', 1.0), ('y55', 1.0), ('y56', 1.0), ('y57', 1.0), ('y60', 1.0), ('y75', 1.0), ('y77', 1.0), ('y78', 1.0), ('y79', 1.0), ('y85', 1.0), ('y86', 1.0), ('y88', 1.0), ('y90', 1.0), ('y96', 1.0), ('y99', 1.0), ('y103', 1.0), ('y104', 1.0), ('y105', 1.0), ('y106', 1.0), ('y111', 1.0)]","[('z3', 1.0), ('z4', 1.0), ('z5', 1.0), ('z6', 1.0), ('z7', 1.0), ('z10', 1.0), ('z16', 1.0)]"
Perfume (first 1000),M1,0.5,"(1, 594, 1)",596.0,5,70.070721,SciOpt,Linux | 24 x 12th Gen Intel(R) Core(TM) i9-12900KS 2.1352083333333325 MHz | 62.55 GB,"[('x3', 1.0)]","[('y1', 1.0), ('y2', 1.0), ('y3', 1.0), ('y5', 1.0), ('y7', 1.0), ('y8', 1.0), ('y9', 1.0), ('y10', 1.0), ('y12', 1.0), ('y13', 1.0), ('y14', 1.0), ('y15', 1.0), ('y16', 1.0), ('y17', 1.0), ('y18', 1.0), ('y19', 1.0), ('y23', 1.0), ('y24', 1.0), ('y25', 1.0), ('y26', 1.0), ('y27', 1.0), ('y28', 1.0), ('y29', 1.0), ('y30', 1.0), ('y31', 1.0), ('y32', 1.0), ('y33', 1.0), ('y37', 1.0), ('y38', 1.0), ('y39', 1.0), ('y41', 1.0), ('y42', 1.0), ('y43', 1.0), ('y44', 1.0), ('y45', 1.0), ('y47', 1.0), ('y49', 1.0), ('y50', 1.0), ('y51', 1.0), ('y52', 1.0), ('y53', 1.0), ('y54', 1.0), ('y55', 1.0), ('y56', 1.0), ('y58', 1.0), ('y59', 1.0), ('y61', 1.0), ('y64', 1.0), ('y65', 1.0), ('y66', 1.0), ('y67', 1.0), ('y68', 1.0), ('y69', 1.0), ('y70', 1.0), ('y71', 1.0), ('y72', 1.0), ('y73', 1.0), ('y74', 1.0), ('y75', 1.0), ('y76', 1.0), ('y77', 1.0), ('y79', 1.0), ('y80', 1.0), ('y81', 1.0), ('y82', 1.0), ('y84', 1.0), ('y85', 1.0), ('y86', 1.0), ('y87', 1.0), ('y88', 1.0), ('y90', 1.0), ('y91', 1.0), ('y92', 1.0), ('y94', 1.0), ('y95', 1.0), ('y96', 1.0), ('y97', 1.0), ('y98', 1.0), ('y99', 1.0), ('y100', 1.0), ('y101', 1.0), ('y104', 1.0), ('y105', 1.0), ('y106', 1.0), ('y107', 1.0), ('y108', 1.0), ('y110', 1.0), ('y111', 1.0), ('y113', 1.0), ('y114', 1.0), ('y115', 1.0), ('y116', 1.0), ('y117', 1.0), ('y121', 1.0), ('y122', 1.0), ('y123', 1.0), ('y124', 1.0), ('y125', 1.0), ('y126', 1.0), ('y128', 1.0), ('y129', 1.0), ('y131', 1.0), ('y132', 1.0), ('y133', 1.0), ('y135', 1.0), ('y137', 1.0), ('y138', 1.0), ('y142', 1.0), ('y143', 1.0), ('y144', 1.0), ('y145', 1.0), ('y146', 1.0), ('y147', 1.0), ('y148', 1.0), ('y149', 1.0), ('y150', 1.0), ('y152', 1.0), ('y153', 1.0), ('y154', 1.0), ('y155', 1.0), ('y156', 1.0), ('y157', 1.0), ('y158', 1.0), ('y159', 1.0), ('y160', 1.0), ('y163', 1.0), ('y164', 1.0), ('y166', 1.0), ('y167', 1.0), ('y169', 1.0), ('y170', 1.0), ('y171', 1.0), ('y173', 1.0), ('y175', 1.0), ('y176', 1.0), ('y177', 1.0), ('y178', 1.0), ('y180', 1.0), ('y181', 1.0), ('y182', 1.0), ('y184', 1.0), ('y185', 1.0), ('y186', 1.0), ('y187', 1.0), ('y188', 1.0), ('y191', 1.0), ('y192', 1.0), ('y194', 1.0), ('y195', 1.0), ('y196', 1.0), ('y198', 1.0), ('y199', 1.0), ('y200', 1.0), ('y202', 1.0), ('y203', 1.0), ('y205', 1.0), ('y206', 1.0), ('y207', 1.0), ('y208', 1.0), ('y209', 1.0), ('y210', 1.0), ('y211', 1.0), ('y213', 1.0), ('y215', 1.0), ('y217', 1.0), ('y218', 1.0), ('y219', 1.0), ('y220', 1.0), ('y221', 1.0), ('y223', 1.0), ('y224', 1.0), ('y225', 1.0), ('y226', 1.0), ('y229', 1.0), ('y230', 1.0), ('y231', 1.0), ('y233', 1.0), ('y235', 1.0), ('y236', 1.0), ('y237', 1.0), ('y238', 1.0), ('y239', 1.0), ('y243', 1.0), ('y244', 1.0), ('y245', 1.0), ('y246', 1.0), ('y248', 1.0), ('y250', 1.0), ('y253', 1.0), ('y254', 1.0), ('y255', 1.0), ('y256', 1.0), ('y258', 1.0), ('y260', 1.0), ('y261', 1.0), ('y262', 1.0), ('y263', 1.0), ('y265', 1.0), ('y267', 1.0), ('y268', 1.0), ('y269', 1.0), ('y271', 1.0), ('y272', 1.0), ('y275', 1.0), ('y277', 1.0), ('y278', 1.0), ('y279', 1.0), ('y281', 1.0), ('y282', 1.0), ('y283', 1.0), ('y285', 1.0), ('y286', 1.0), ('y287', 1.0), ('y288', 1.0), ('y289', 1.0), ('y290', 1.0), ('y293', 1.0), ('y295', 1.0), ('y296', 1.0), ('y297', 1.0), ('y299', 1.0), ('y300', 1.0), ('y302', 1.0), ('y303', 1.0), ('y305', 1.0), ('y307', 1.0), ('y309', 1.0), ('y310', 1.0), ('y312', 1.0), ('y313', 1.0), ('y314', 1.0), ('y316', 1.0), ('y318', 1.0), ('y319', 1.0), ('y320', 1.0), ('y321', 1.0), ('y322', 1.0), ('y323', 1.0), ('y324', 1.0), ('y325', 1.0), ('y326', 1.0), ('y328', 1.0), ('y329', 1.0), ('y330', 1.0), ('y331', 1.0), ('y332', 1.0), ('y334', 1.0), ('y336', 1.0), ('y337', 1.0), ('y338', 1.0), ('y339', 1.0), ('y340', 1.0), ('y341', 1.0), ('y343', 1.0), ('y344', 1.0), ('y345', 1.0), ('y346', 1.0), ('y347', 1.0), ('y348', 1.0), ('y349', 1.0), ('y350', 1.0), ('y351', 1.0), ('y352', 1.0), ('y353', 1.0), ('y354', 1.0), ('y355', 1.0), ('y356', 1.0), ('y357', 1.0), ('y358', 1.0), ('y359', 1.0), ('y360', 1.0), ('y361', 1.0), ('y362', 1.0), ('y363', 1.0), ('y364', 1.0), ('y365', 1.0), ('y367', 1.0), ('y368', 1.0), ('y369', 1.0), ('y370', 1.0), ('y371', 1.0), ('y372', 1.0), ('y373', 1.0), ('y374', 1.0), ('y375', 1.0), ('y376', 1.0), ('y377', 1.0), ('y378', 1.0), ('y379', 1.0), ('y380', 1.0), ('y381', 1.0), ('y382', 1.0), ('y383', 1.0), ('y384', 1.0), ('y385', 1.0), ('y386', 1.0), ('y387', 1.0), ('y388', 1.0), ('y389', 1.0), ('y390', 1.0), ('y391', 1.0), ('y392', 1.0), ('y393', 1.0), ('y394', 1.0), ('y395', 1.0), ('y396', 1.0), ('y398', 1.0), ('y399', 1.0), ('y400', 1.0), ('y401', 1.0), ('y402', 1.0), ('y403', 1.0), ('y404', 1.0), ('y405', 1.0), ('y406', 1.0), ('y407', 1.0), ('y408', 1.0), ('y409', 1.0), ('y410', 1.0), ('y411', 1.0), ('y412', 1.0), ('y413', 1.0), ('y414', 1.0), ('y415', 1.0), ('y416', 1.0), ('y417', 1.0), ('y418', 1.0), ('y419', 1.0), ('y420', 1.0), ('y421', 1.0), ('y422', 1.0), ('y423', 1.0), ('y424', 1.0), ('y425', 1.0), ('y426', 1.0), ('y427', 1.0), ('y428', 1.0), ('y429', 1.0), ('y430', 1.0), ('y431', 1.0), ('y432', 1.0), ('y433', 1.0), ('y434', 1.0), ('y435', 1.0), ('y436', 1.0), ('y437', 1.0), ('y438', 1.0), ('y439', 1.0), ('y440', 1.0), ('y441', 1.0), ('y442', 1.0), ('y443', 1.0), ('y444', 1.0), ('y445', 1.0), ('y446', 1.0), ('y447', 1.0), ('y448', 1.0), ('y449', 1.0), ('y450', 1.0), ('y451', 1.0), ('y452', 1.0), ('y453', 1.0), ('y454', 1.0), ('y456', 1.0), ('y457', 1.0), ('y458', 1.0), ('y459', 1.0), ('y460', 1.0), ('y461', 1.0), ('y462', 1.0), ('y463', 1.0), ('y464', 1.0), ('y465', 1.0), ('y466', 1.0), ('y467', 1.0), ('y468', 1.0), ('y469', 1.0), ('y470', 1.0), ('y471', 1.0), ('y472', 1.0), ('y473', 1.0), ('y474', 1.0), ('y475', 1.0), ('y476', 1.0), ('y477', 1.0), ('y478', 1.0), ('y479', 1.0), ('y480', 1.0), ('y481', 1.0), ('y482', 1.0), ('y483', 1.0), ('y484', 1.0), ('y485', 1.0), ('y486', 1.0), ('y487', 1.0), ('y488', 1.0), ('y489', 1.0), ('y490', 1.0), ('y491', 1.0), ('y492', 1.0), ('y493', 1.0), ('y494', 1.0), ('y495', 1.0), ('y496', 1.0), ('y497', 1.0), ('y498', 1.0), ('y499', 1.0), ('y500', 1.0), ('y501', 1.0), ('y502', 1.0), ('y503', 1.0), ('y504', 1.0), ('y505', 1.0), ('y506', 1.0), ('y507', 1.0), ('y508', 1.0), ('y509', 1.0), ('y510', 1.0), ('y511', 1.0), ('y512', 1.0), ('y513', 1.0), ('y514', 1.0), ('y515', 1.0), ('y516', 1.0), ('y517', 1.0), ('y518', 1.0), ('y519', 1.0), ('y520', 1.0), ('y521', 1.0), ('y522', 1.0), ('y523', 1.0), ('y524', 1.0), ('y525', 1.0), ('y526', 1.0), ('y527', 1.0), ('y528', 1.0), ('y529', 1.0), ('y530', 1.0), ('y531', 1.0), ('y532', 1.0), ('y533', 1.0), ('y534', 1.0), ('y535', 1.0), ('y536', 1.0), ('y538', 1.0), ('y539', 1.0), ('y540', 1.0), ('y541', 1.0), ('y542', 1.0), ('y543', 1.0), ('y544', 1.0), ('y545', 1.0), ('y546', 1.0), ('y547', 1.0), ('y548', 1.0), ('y549', 1.0), ('y550', 1.0), ('y551', 1.0), ('y552', 1.0), ('y553', 1.0), ('y554', 1.0), ('y555', 1.0), ('y556', 1.0), ('y557', 1.0), ('y558', 1.0), ('y559', 1.0), ('y560', 1.0), ('y561', 1.0), ('y562', 1.0), ('y563', 1.0), ('y564', 1.0), ('y565', 1.0), ('y566', 1.0), ('y567', 1.0), ('y568', 1.0), ('y569', 1.0), ('y570', 1.0), ('y571', 1.0), ('y572', 1.0), ('y573', 1.0), ('y574', 1.0), ('y575', 1.0), ('y576', 1.0), ('y577', 1.0), ('y578', 1.0), ('y579', 1.0), ('y580', 1.0), ('y581', 1.0), ('y582', 1.0), ('y583', 1.0), ('y584', 1.0), ('y585', 1.0), ('y586', 1.0), ('y587', 1.0), ('y588', 1.0), ('y589', 1.0), ('y590', 1.0), ('y591', 1.0), ('y592', 1.0), ('y593', 1.0), ('y594', 1.0), ('y595', 1.0), ('y596', 1.0), ('y597', 1.0), ('y598', 1.0), ('y599', 1.0), ('y600', 1.0), ('y601', 1.0), ('y602', 1.0), ('y603', 1.0), ('y604', 1.0), ('y605', 1.0), ('y606', 1.0), ('y607', 1.0), ('y608', 1.0), ('y609', 1.0), ('y610', 1.0), ('y611', 1.0), ('y612', 1.0), ('y613', 1.0), ('y614', 1.0), ('y615', 1.0), ('y616', 1.0), ('y617', 1.0), ('y618', 1.0), ('y619', 1.0), ('y620', 1.0), ('y621', 1.0), ('y622', 1.0), ('y623', 1.0), ('y624', 1.0), ('y625', 1.0), ('y626', 1.0), ('y627', 1.0), ('y628', 1.0), ('y629', 1.0), ('y630', 1.0), ('y631', 1.0), ('y632', 1.0), ('y633', 1.0), ('y634', 1.0), ('y635', 1.0), ('y636', 1.0), ('y638', 1.0), ('y639', 1.0), ('y640', 1.0), ('y641', 1.0), ('y642', 1.0), ('y643', 1.0), ('y644', 1.0), ('y645', 1.0), ('y646', 1.0), ('y647', 1.0), ('y648', 1.0), ('y649', 1.0), ('y650', 1.0), ('y651', 1.0), ('y652', 1.0), ('y653', 1.0), ('y654', 1.0), ('y655', 1.0), ('y657', 1.0), ('y659', 1.0), ('y660', 1.0), ('y661', 1.0), ('y663', 1.0), ('y666', 1.0), ('y670', 1.0), ('y671', 1.0), ('y672', 1.0), ('y673', 1.0), ('y674', 1.0), ('y675', 1.0), ('y676', 1.0), ('y677', 1.0), ('y678', 1.0), ('y679', 1.0), ('y680', 1.0), ('y682', 1.0), ('y686', 1.0), ('y687', 1.0), ('y688', 1.0), ('y689', 1.0), ('y691', 1.0), ('y692', 1.0), ('y693', 1.0), ('y694', 1.0), ('y696', 1.0), ('y697', 1.0), ('y698', 1.0), ('y699', 1.0), ('y700', 1.0), ('y701', 1.0), ('y702', 1.0)]","[('z5', 1.0)]"
Perfume (first 1000),M1,0.6,"(1, 492, 1)",493.99999999997095,6,112.043148,SciOpt,Linux | 24 x 12th Gen Intel(R) Core(TM) i9-12900KS 1.2916250000000005 MHz | 62.55 GB,"[('x3', 1.0)]","[('y1', 1.0), ('y2', 1.0), ('y3', 1.0), ('y5', 1.0), ('y7', 1.0), ('y8', 1.0), ('y9', 1.0), ('y10', 1.0), ('y12', 1.0), ('y13', 1.0), ('y14', 1.0), ('y15', 1.0), ('y16', 1.0), ('y17', 1.0), ('y18', 1.0), ('y19', 1.0), ('y24', 1.0), ('y25', 0.999999999970953), ('y26', 1.0), ('y27', 1.0), ('y28', 1.0), ('y30', 1.0), ('y31', 1.0), ('y32', 1.0), ('y33', 1.0), ('y37', 1.0), ('y38', 1.0), ('y39', 1.0), ('y41', 1.0), ('y42', 1.0), ('y43', 1.0), ('y44', 1.0), ('y47', 1.0), ('y49', 1.0), ('y50', 1.0), ('y51', 1.0), ('y52', 1.0), ('y53', 1.0), ('y54', 1.0), ('y55', 1.0), ('y56', 1.0), ('y58', 1.0), ('y59', 1.0), ('y61', 1.0), ('y64', 1.0), ('y65', 1.0), ('y66', 1.0), ('y67', 1.0), ('y68', 1.0), ('y70', 1.0), ('y71', 1.0), ('y72', 1.0), ('y73', 1.0), ('y74', 1.0), ('y75', 1.0), ('y76', 1.0), ('y77', 1.0), ('y79', 1.0), ('y80', 1.0), ('y81', 1.0), ('y82', 1.0), ('y84', 1.0), ('y85', 1.0), ('y86', 1.0), ('y88', 1.0), ('y90', 1.0), ('y91', 1.0), ('y92', 1.0), ('y94', 1.0), ('y95', 1.0), ('y96', 1.0), ('y97', 1.0), ('y98', 1.0), ('y99', 1.0), ('y100', 1.0), ('y101', 1.0), ('y104', 1.0), ('y105', 1.0), ('y106', 1.0), ('y107', 1.0), ('y108', 1.0), ('y110', 1.0), ('y111', 1.0), ('y114', 1.0), ('y115', 1.0), ('y116', 1.0), ('y117', 1.0), ('y121', 1.0), ('y122', 1.0), ('y123', 1.0), ('y124', 1.0), ('y125', 1.0), ('y126', 1.0), ('y128', 1.0), ('y129', 1.0), ('y131', 1.0), ('y132', 1.0), ('y133', 1.0), ('y135', 1.0), ('y137', 1.0), ('y138', 1.0), ('y142', 1.0), ('y143', 1.0), ('y144', 1.0), ('y145', 1.0), ('y146', 1.0), ('y147', 1.0), ('y148', 1.0), ('y149', 1.0), ('y150', 1.0), ('y152', 1.0), ('y153', 1.0), ('y154', 1.0), ('y155', 1.0), ('y156', 1.0), ('y157', 1.0), ('y158', 1.0), ('y159', 1.0), ('y160', 1.0), ('y163', 1.0), ('y164', 1.0), ('y166', 1.0), ('y167', 1.0), ('y169', 1.0), ('y170', 1.0), ('y171', 1.0), ('y173', 1.0), ('y175', 1.0), ('y176', 1.0), ('y177', 1.0), ('y178', 1.0), ('y180', 1.0), ('y181', 1.0), ('y182', 1.0), ('y184', 1.0), ('y185', 1.0), ('y186', 1.0), ('y188', 1.0), ('y191', 1.0), ('y192', 1.0), ('y194', 1.0), ('y195', 1.0), ('y196', 1.0), ('y198', 1.0), ('y199', 1.0), ('y200', 1.0), ('y202', 1.0), ('y203', 1.0), ('y205', 1.0), ('y206', 1.0), ('y207', 1.0), ('y209', 1.0), ('y210', 1.0), ('y211', 1.0), ('y213', 1.0), ('y215', 1.0), ('y217', 1.0), ('y218', 1.0), ('y219', 1.0), ('y220', 1.0), ('y221', 1.0), ('y223', 1.0), ('y224', 1.0), ('y225', 1.0), ('y226', 1.0), ('y229', 1.0), ('y230', 1.0), ('y231', 1.0), ('y233', 1.0), ('y235', 1.0), ('y236', 1.0), ('y237', 1.0), ('y238', 1.0), ('y239', 1.0), ('y243', 1.0), ('y244', 1.0), ('y245', 1.0), ('y246', 1.0), ('y248', 1.0), ('y250', 1.0), ('y253', 1.0), ('y254', 1.0), ('y255', 1.0), ('y256', 1.0), ('y258', 1.0), ('y260', 1.0), ('y261', 1.0), ('y262', 1.0), ('y263', 1.0), ('y265', 1.0), ('y267', 1.0), ('y268', 1.0), ('y269', 1.0), ('y271', 1.0), ('y272', 1.0), ('y275', 1.0), ('y277', 1.0), ('y278', 1.0), ('y279', 1.0), ('y281', 1.0), ('y282', 1.0), ('y283', 1.0), ('y285', 1.0), ('y286', 1.0), ('y287', 1.0), ('y288', 1.0), ('y289', 1.0), ('y290', 1.0), ('y293', 1.0), ('y295', 1.0), ('y296', 1.0), ('y297', 1.0), ('y299', 1.0), ('y300', 1.0), ('y302', 1.0), ('y303', 1.0), ('y305', 1.0), ('y307', 1.0), ('y309', 1.0), ('y310', 1.0), ('y312', 1.0), ('y313', 1.0), ('y314', 1.0), ('y316', 1.0), ('y318', 1.0), ('y319', 1.0), ('y320', 1.0), ('y321', 1.0), ('y322', 1.0), ('y323', 1.0), ('y324', 1.0), ('y325', 1.0), ('y326', 1.0), ('y328', 1.0), ('y329', 1.0), ('y330', 1.0), ('y331', 1.0), ('y332', 1.0), ('y334', 1.0), ('y337', 1.0), ('y338', 1.0), ('y339', 1.0), ('y340', 1.0), ('y341', 1.0), ('y343', 1.0), ('y344', 1.0), ('y345', 1.0), ('y349', 1.0), ('y351', 1.0), ('y352', 1.0), ('y353', 1.0), ('y355', 1.0), ('y357', 1.0), ('y358', 1.0), ('y359', 1.0), ('y360', 1.0), ('y361', 1.0), ('y362', 1.0), ('y363', 1.0), ('y364', 1.0), ('y365', 1.0), ('y367', 1.0), ('y370', 1.0), ('y371', 1.0), ('y372', 1.0), ('y373', 1.0), ('y375', 1.0), ('y377', 1.0), ('y381', 1.0), ('y382', 1.0), ('y386', 1.0), ('y387', 1.0), ('y388', 1.0), ('y390', 1.0), ('y393', 1.0), ('y396', 1.0), ('y398', 1.0), ('y399', 1.0), ('y400', 1.0), ('y402', 1.0), ('y405', 1.0), ('y406', 1.0), ('y408', 1.0), ('y409', 1.0), ('y410', 1.0), ('y411', 1.0), ('y412', 1.0), ('y415', 1.0), ('y417', 1.0), ('y418', 1.0), ('y420', 1.0), ('y423', 1.0), ('y424', 1.0), ('y427', 1.0), ('y429', 1.0), ('y430', 1.0), ('y431', 1.0), ('y432', 1.0), ('y433', 1.0), ('y434', 1.0), ('y435', 1.0), ('y436', 1.0), ('y437', 1.0), ('y441', 1.0), ('y442', 1.0), ('y443', 1.0), ('y444', 1.0), ('y446', 1.0), ('y448', 1.0), ('y449', 1.0), ('y451', 1.0), ('y452', 1.0), ('y453', 1.0), ('y457', 1.0), ('y458', 1.0), ('y459', 1.0), ('y461', 1.0), ('y462', 1.0), ('y463', 1.0), ('y464', 1.0), ('y465', 1.0), ('y466', 1.0), ('y467', 1.0), ('y468', 1.0), ('y469', 1.0), ('y470', 1.0), ('y471', 1.0), ('y475', 1.0), ('y476', 1.0), ('y478', 1.0), ('y479', 1.0), ('y480', 1.0), ('y482', 1.0), ('y483', 1.0), ('y484', 1.0), ('y485', 1.0), ('y486', 1.0), ('y487', 1.0), ('y488', 1.0), ('y489', 1.0), ('y490', 1.0), ('y491', 1.0), ('y493', 1.0), ('y495', 1.0), ('y496', 1.0), ('y497', 1.0), ('y498', 1.0), ('y499', 1.0), ('y501', 1.0), ('y502', 1.0), ('y503', 1.0), ('y504', 1.0), ('y507', 1.0), ('y508', 1.0), ('y509', 1.0), ('y511', 1.0), ('y512', 1.0), ('y513', 1.0), ('y514', 1.0), ('y516', 1.0), ('y517', 1.0), ('y519', 1.0), ('y521', 1.0), ('y522', 1.0), ('y524', 1.0), ('y525', 1.0), ('y526', 1.0), ('y529', 1.0), ('y531', 1.0), ('y532', 1.0), ('y533', 1.0), ('y535', 1.0), ('y536', 1.0), ('y539', 1.0), ('y540', 1.0), ('y541', 1.0), ('y542', 1.0), ('y543', 1.0), ('y544', 1.0), ('y545', 1.0), ('y546', 1.0), ('y547', 1.0), ('y548', 1.0), ('y549', 1.0), ('y550', 1.0), ('y551', 1.0), ('y552', 1.0), ('y553', 1.0), ('y555', 1.0), ('y556', 1.0), ('y559', 1.0), ('y560', 1.0), ('y567', 1.0), ('y568', 1.0), ('y571', 1.0), ('y572', 1.0), ('y573', 1.0), ('y574', 1.0), ('y575', 1.0), ('y576', 1.0), ('y577', 1.0), ('y579', 1.0), ('y581', 1.0), ('y582', 1.0), ('y585', 1.0), ('y586', 1.0), ('y589', 1.0), ('y590', 1.0), ('y591', 1.0), ('y592', 1.0), ('y593', 1.0), ('y594', 1.0), ('y595', 1.0), ('y596', 1.0), ('y597', 1.0), ('y598', 1.0), ('y599', 1.0), ('y600', 1.0), ('y601', 1.0), ('y602', 1.0), ('y603', 1.0), ('y604', 1.0), ('y606', 1.0), ('y608', 1.0), ('y609', 1.0), ('y610', 1.0), ('y611', 1.0), ('y612', 1.0), ('y613', 1.0), ('y615', 1.0), ('y616', 1.0), ('y618', 1.0), ('y619', 1.0), ('y620', 1.0), ('y621', 1.0), ('y623', 1.0), ('y625', 1.0), ('y626', 1.0), ('y627', 1.0), ('y628', 1.0), ('y630', 1.0), ('y631', 1.0), ('y634', 1.0), ('y635', 1.0), ('y638', 1.0), ('y639', 1.0), ('y640', 1.0), ('y641', 1.0), ('y642', 1.0), ('y644', 1.0), ('y645', 1.0), ('y646', 1.0), ('y647', 1.0), ('y648', 1.0), ('y649', 1.0), ('y650', 1.0), ('y651', 1.0), ('y652', 1.0), ('y653', 1.0), ('y655', 1.0), ('y657', 1.0), ('y659', 1.0), ('y660', 1.0), ('y661', 1.0), ('y663', 1.0), ('y666', 1.0), ('y670', 1.0), ('y671', 1.0), ('y672', 1.0), ('y674', 1.0), ('y675', 1.0), ('y676', 1.0), ('y677', 1.0), ('y678', 1.0), ('y679', 1.0), ('y680', 1.0), ('y682', 1.0), ('y686', 1.0), ('y687', 1.0), ('y688', 1.0), ('y689', 1.0), ('y691', 1.0), ('y692', 1.0), ('y693', 1.0), ('y694', 1.0), ('y696', 1.0), ('y697', 1.0), ('y698', 1.0), ('y699', 1.0), ('y700', 1.0), ('y701', 1.0), ('y702', 1.0)]","[('z5', 1.0)]"
Perfume (first 1000),M1,0.7,"(1, 410, 1)",412.0,4,43.927239,SciOpt,Linux | 24 x 12th Gen Intel(R) Core(TM) i9-12900KS 1.408875 MHz | 62.55 GB,"[('x3', 1.0)]","[('y5', 1.0), ('y7', 1.0), ('y9', 1.0), ('y10', 1.0), ('y12', 1.0), ('y13', 1.0), ('y14', 1.0), ('y15', 1.0), ('y16', 1.0), ('y17', 1.0), ('y18', 1.0), ('y19', 1.0), ('y20', 1.0), ('y28', 1.0), ('y30', 1.0), ('y31', 1.0), ('y32', 1.0), ('y33', 1.0), ('y35', 1.0), ('y37', 1.0), ('y38', 1.0), ('y39', 1.0), ('y41', 1.0), ('y42', 1.0), ('y43', 1.0), ('y44', 1.0), ('y47', 1.0), ('y51', 1.0), ('y54', 1.0), ('y55', 1.0), ('y56', 1.0), ('y57', 1.0), ('y58', 1.0), ('y63', 1.0), ('y64', 1.0), ('y66', 1.0), ('y68', 1.0), ('y70', 1.0), ('y71', 1.0), ('y72', 1.0), ('y74', 1.0), ('y75', 1.0), ('y76', 1.0), ('y77', 1.0), ('y79', 1.0), ('y80', 1.0), ('y81', 1.0), ('y88', 1.0), ('y90', 1.0), ('y91', 1.0), ('y96', 1.0), ('y97', 1.0), ('y98', 1.0), ('y99', 1.0), ('y100', 1.0), ('y104', 1.0), ('y105', 1.0), ('y106', 1.0), ('y107', 1.0), ('y108', 1.0), ('y110', 1.0), ('y111', 1.0), ('y113', 1.0), ('y114', 1.0), ('y116', 1.0), ('y117', 1.0), ('y118', 1.0), ('y121', 1.0), ('y122', 1.0), ('y125', 1.0), ('y126', 1.0), ('y127', 1.0), ('y128', 1.0), ('y129', 1.0), ('y130', 1.0), ('y131', 1.0), ('y132', 1.0), ('y135', 1.0), ('y138', 1.0), ('y142', 1.0), ('y143', 1.0), ('y144', 1.0), ('y145', 1.0), ('y146', 1.0), ('y147', 1.0), ('y148', 1.0), ('y149', 1.0), ('y150', 1.0), ('y152', 1.0), ('y153', 1.0), ('y154', 1.0), ('y155', 1.0), ('y156', 1.0), ('y157', 1.0), ('y159', 1.0), ('y160', 1.0), ('y163', 1.0), ('y166', 1.0), ('y167', 1.0), ('y169', 1.0), ('y170', 1.0), ('y171', 1.0), ('y173', 1.0), ('y175', 1.0), ('y176', 1.0), ('y178', 1.0), ('y179', 1.0), ('y180', 1.0), ('y181', 1.0), ('y182', 1.0), ('y184', 1.0), ('y186', 1.0), ('y187', 1.0), ('y191', 1.0), ('y194', 1.0), ('y195', 1.0), ('y196', 1.0), ('y197', 1.0), ('y198', 1.0), ('y200', 1.0), ('y203', 1.0), ('y205', 1.0), ('y209', 1.0), ('y211', 1.0), ('y213', 1.0), ('y214', 1.0), ('y215', 1.0), ('y217', 1.0), ('y219', 1.0), ('y220', 1.0), ('y221', 1.0), ('y223', 1.0), ('y224', 1.0), ('y225', 1.0), ('y226', 1.0), ('y230', 1.0), ('y231', 1.0), ('y232', 1.0), ('y233', 1.0), ('y236', 1.0), ('y237', 1.0), ('y238', 1.0), ('y243', 1.0), ('y244', 1.0), ('y245', 1.0), ('y246', 1.0), ('y248', 1.0), ('y250', 1.0), ('y253', 1.0), ('y254', 1.0), ('y256', 1.0), ('y265', 1.0), ('y267', 1.0), ('y268', 1.0), ('y269', 1.0), ('y271', 1.0), ('y272', 1.0), ('y274', 1.0), ('y275', 1.0), ('y277', 1.0), ('y278', 1.0), ('y279', 1.0), ('y281', 1.0), ('y282', 1.0), ('y283', 1.0), ('y286', 1.0), ('y288', 1.0), ('y289', 1.0), ('y290', 1.0), ('y293', 1.0), ('y295', 1.0), ('y296', 1.0), ('y300', 1.0), ('y301', 1.0), ('y302', 1.0), ('y303', 1.0), ('y305', 1.0), ('y306', 1.0), ('y307', 1.0), ('y309', 1.0), ('y312', 1.0), ('y313', 1.0), ('y316', 1.0), ('y317', 1.0), ('y319', 1.0), ('y320', 1.0), ('y321', 1.0), ('y322', 1.0), ('y324', 1.0), ('y329', 1.0), ('y331', 1.0), ('y332', 1.0), ('y334', 1.0), ('y337', 1.0), ('y339', 1.0), ('y340', 1.0), ('y341', 1.0), ('y343', 1.0), ('y344', 1.0), ('y347', 1.0), ('y348', 1.0), ('y351', 1.0), ('y352', 1.0), ('y353', 1.0), ('y355', 1.0), ('y359', 1.0), ('y360', 1.0), ('y361', 1.0), ('y363', 1.0), ('y364', 1.0), ('y369', 1.0), ('y370', 1.0), ('y371', 1.0), ('y372', 1.0), ('y373', 1.0), ('y375', 1.0), ('y381', 1.0), ('y383', 1.0), ('y386', 1.0), ('y387', 1.0), ('y388', 1.0), ('y393', 1.0), ('y394', 1.0), ('y395', 1.0), ('y398', 1.0), ('y400', 1.0), ('y402', 1.0), ('y405', 1.0), ('y409', 1.0), ('y410', 1.0), ('y412', 1.0), ('y413', 1.0), ('y417', 1.0), ('y418', 1.0), ('y419', 1.0), ('y420', 1.0), ('y423', 1.0), ('y427', 1.0), ('y429', 1.0), ('y430', 1.0), ('y431', 1.0), ('y433', 1.0), ('y435', 1.0), ('y436', 1.0), ('y437', 1.0), ('y439', 1.0), ('y441', 1.0), ('y442', 1.0), ('y443', 1.0), ('y444', 1.0), ('y446', 1.0), ('y447', 1.0), ('y448', 1.0), ('y449', 1.0), ('y451', 1.0), ('y452', 1.0), ('y453', 1.0), ('y455', 1.0), ('y458', 1.0), ('y461', 1.0), ('y463', 1.0), ('y464', 1.0), ('y466', 1.0), ('y467', 1.0), ('y468', 1.0), ('y469', 1.0), ('y470', 1.0), ('y471', 1.0), ('y476', 1.0), ('y477', 1.0), ('y479', 1.0), ('y480', 1.0), ('y481', 1.0), ('y482', 1.0), ('y483', 1.0), ('y484', 1.0), ('y485', 1.0), ('y486', 1.0), ('y487', 1.0), ('y491', 1.0), ('y493', 1.0), ('y494', 1.0), ('y495', 1.0), ('y496', 1.0), ('y497', 1.0), ('y498', 1.0), ('y501', 1.0), ('y502', 1.0), ('y504', 1.0), ('y507', 1.0), ('y508', 1.0), ('y511', 1.0), ('y512', 1.0), ('y513', 1.0), ('y514', 1.0), ('y517', 1.0), ('y519', 1.0), ('y521', 1.0), ('y522', 1.0), ('y524', 1.0), ('y525', 1.0), ('y529', 1.0), ('y532', 1.0), ('y533', 1.0), ('y535', 1.0), ('y536', 1.0), ('y540', 1.0), ('y541', 1.0), ('y542', 1.0), ('y547', 1.0), ('y548', 1.0), ('y549', 1.0), ('y550', 1.0), ('y551', 1.0), ('y552', 1.0), ('y553', 1.0), ('y555', 1.0), ('y556', 1.0), ('y559', 1.0), ('y560', 1.0), ('y562', 1.0), ('y567', 1.0), ('y571', 1.0), ('y573', 1.0), ('y574', 1.0), ('y575', 1.0), ('y576', 1.0), ('y579', 1.0), ('y581', 1.0), ('y582', 1.0), ('y584', 1.0), ('y585', 1.0), ('y586', 1.0), ('y589', 1.0), ('y590', 1.0), ('y591', 1.0), ('y592', 1.0), ('y593', 1.0), ('y594', 1.0), ('y595', 1.0), ('y596', 1.0), ('y597', 1.0), ('y598', 1.0), ('y599', 1.0), ('y600', 1.0), ('y602', 1.0), ('y603', 1.0), ('y604', 1.0), ('y605', 1.0), ('y606', 1.0), ('y608', 1.0), ('y609', 1.0), ('y610', 1.0), ('y611', 1.0), ('y613', 1.0), ('y615', 1.0), ('y620', 1.0), ('y621', 1.0), ('y623', 1.0), ('y625', 1.0), ('y626', 1.0), ('y627', 1.0), ('y629', 1.0), ('y631', 1.0), ('y635', 1.0), ('y638', 1.0), ('y639', 1.0), ('y640', 1.0), ('y641', 1.0), ('y642', 1.0), ('y644', 1.0), ('y645', 1.0), ('y648', 1.0), ('y649', 1.0), ('y650', 1.0), ('y651', 1.0), ('y652', 1.0), ('y654', 1.0), ('y655', 1.0), ('y657', 1.0), ('y658', 1.0), ('y659', 1.0), ('y660', 1.0), ('y661', 1.0), ('y663', 1.0), ('y666', 1.0), ('y671', 1.0), ('y673', 1.0), ('y674', 1.0), ('y675', 1.0), ('y677', 1.0), ('y679', 1.0), ('y680', 1.0), ('y682', 1.0), ('y683', 1.0), ('y686', 1.0), ('y687', 1.0), ('y688', 1.0), ('y689', 1.0), ('y691', 1.0), ('y692', 1.0), ('y693', 1.0), ('y694', 1.0), ('y696', 1.0), ('y697', 1.0), ('y698', 1.0), ('y699', 1.0), ('y700', 1.0), ('y701', 1.0), ('y702', 1.0)]","[('z4', 1.0)]"
Perfume (first 1000),M1,0.7999999999999999,"(1, 273, 1)",275.0,6,69.752171,SciOpt,Linux | 24 x 12th Gen Intel(R) Core(TM) i9-12900KS 1.3355416666666668 MHz | 62.55 GB,"[('x3', 1.0)]","[('y5', 1.0), ('y7', 1.0), ('y10', 1.0), ('y12', 1.0), ('y13', 1.0), ('y14', 1.0), ('y15', 1.0), ('y16', 1.0), ('y18', 1.0), ('y19', 1.0), ('y20', 1.0), ('y31', 1.0), ('y32', 1.0), ('y33', 1.0), ('y35', 1.0), ('y37', 1.0), ('y38', 1.0), ('y41', 1.0), ('y42', 1.0), ('y43', 1.0), ('y44', 1.0), ('y47', 1.0), ('y51', 1.0), ('y56', 1.0), ('y57', 1.0), ('y58', 1.0), ('y63', 1.0), ('y64', 1.0), ('y66', 1.0), ('y68', 1.0), ('y71', 1.0), ('y76', 1.0), ('y77', 1.0), ('y79', 1.0), ('y90', 1.0), ('y91', 1.0), ('y96', 1.0), ('y97', 1.0), ('y98', 1.0), ('y100', 1.0), ('y104', 1.0), ('y105', 1.0), ('y107', 1.0), ('y110', 1.0), ('y111', 1.0), ('y113', 1.0), ('y116', 1.0), ('y117', 1.0), ('y122', 1.0), ('y126', 1.0), ('y128', 1.0), ('y129', 1.0), ('y130', 1.0), ('y131', 1.0), ('y132', 1.0), ('y138', 1.0), ('y142', 1.0), ('y143', 1.0), ('y144', 1.0), ('y145', 1.0), ('y147', 1.0), ('y148', 1.0), ('y149', 1.0), ('y150', 1.0), ('y152', 1.0), ('y153', 1.0), ('y156', 1.0), ('y157', 1.0), ('y159', 1.0), ('y160', 1.0), ('y163', 1.0), ('y166', 1.0), ('y167', 1.0), ('y170', 1.0), ('y171', 1.0), ('y175', 1.0), ('y178', 1.0), ('y180', 1.0), ('y181', 1.0), ('y184', 1.0), ('y186', 1.0), ('y192', 1.0), ('y195', 1.0), ('y196', 1.0), ('y200', 1.0), ('y205', 1.0), ('y209', 1.0), ('y211', 1.0), ('y213', 1.0), ('y219', 1.0), ('y220', 1.0), ('y221', 1.0), ('y231', 1.0), ('y232', 1.0), ('y236', 1.0), ('y237', 1.0), ('y238', 1.0), ('y243', 1.0), ('y244', 1.0), ('y246', 1.0), ('y248', 1.0), ('y250', 1.0), ('y256', 1.0), ('y268', 1.0), ('y269', 1.0), ('y272', 1.0), ('y274', 1.0), ('y278', 1.0), ('y279', 1.0), ('y288', 1.0), ('y289', 1.0), ('y290', 1.0), ('y300', 1.0), ('y301', 1.0), ('y302', 1.0), ('y303', 1.0), ('y305', 1.0), ('y306', 1.0), ('y307', 1.0), ('y309', 1.0), ('y310', 1.0), ('y313', 1.0), ('y316', 1.0), ('y317', 1.0), ('y319', 1.0), ('y322', 1.0), ('y324', 1.0), ('y329', 1.0), ('y331', 1.0), ('y340', 1.0), ('y341', 1.0), ('y343', 1.0), ('y344', 1.0), ('y348', 1.0), ('y352', 1.0), ('y353', 1.0), ('y355', 1.0), ('y359', 1.0), ('y360', 1.0), ('y361', 1.0), ('y364', 1.0), ('y369', 1.0), ('y371', 1.0), ('y372', 1.0), ('y373', 1.0), ('y375', 1.0), ('y381', 1.0), ('y383', 1.0), ('y386', 1.0), ('y387', 1.0), ('y393', 1.0), ('y395', 1.0), ('y402', 1.0), ('y405', 1.0), ('y409', 1.0), ('y412', 1.0), ('y413', 1.0), ('y417', 1.0), ('y418', 1.0), ('y420', 1.0), ('y427', 1.0), ('y429', 1.0), ('y430', 1.0), ('y431', 1.0), ('y433', 1.0), ('y435', 1.0), ('y436', 1.0), ('y437', 1.0), ('y439', 1.0), ('y442', 1.0), ('y446', 1.0), ('y447', 1.0), ('y448', 1.0), ('y449', 1.0), ('y451', 1.0), ('y453', 1.0), ('y455', 1.0), ('y466', 1.0), ('y470', 1.0), ('y480', 1.0), ('y481', 1.0), ('y482', 1.0), ('y483', 1.0), ('y484', 1.0), ('y485', 1.0), ('y491', 1.0), ('y493', 1.0), ('y495', 1.0), ('y496', 1.0), ('y501', 1.0), ('y502', 1.0), ('y504', 1.0), ('y507', 1.0), ('y511', 1.0), ('y512', 1.0), ('y513', 1.0), ('y514', 1.0), ('y517', 1.0), ('y521', 1.0), ('y524', 1.0), ('y533', 1.0), ('y536', 1.0), ('y540', 1.0), ('y541', 1.0), ('y542', 1.0), ('y546', 1.0), ('y547', 1.0), ('y549', 1.0), ('y550', 1.0), ('y552', 1.0), ('y553', 1.0), ('y555', 1.0), ('y559', 1.0), ('y560', 1.0), ('y562', 1.0), ('y573', 1.0), ('y576', 1.0), ('y579', 1.0), ('y581', 1.0), ('y584', 1.0), ('y586', 1.0), ('y589', 1.0), ('y590', 1.0), ('y591', 1.0), ('y592', 1.0), ('y593', 1.0), ('y595', 1.0), ('y596', 1.0), ('y597', 1.0), ('y598', 1.0), ('y599', 1.0), ('y600', 1.0), ('y602', 1.0), ('y603', 1.0), ('y606', 1.0), ('y609', 1.0), ('y611', 1.0), ('y613', 1.0), ('y620', 1.0), ('y623', 1.0), ('y626', 1.0), ('y629', 1.0), ('y631', 1.0), ('y635', 1.0), ('y638', 1.0), ('y639', 1.0), ('y641', 1.0), ('y642', 1.0), ('y644', 1.0), ('y645', 1.0), ('y648', 1.0), ('y649', 1.0), ('y650', 1.0), ('y652', 1.0), ('y654', 1.0), ('y655', 1.0), ('y658', 1.0), ('y659', 1.0), ('y661', 1.0), ('y663', 1.0), ('y671', 1.0), ('y679', 1.0), ('y680', 1.0), ('y687', 1.0), ('y689', 1.0), ('y691', 1.0), ('y692', 1.0), ('y693', 1.0), ('y696', 1.0), ('y697', 1.0), ('y698', 1.0), ('y700', 1.0), ('y701', 1.0)]","[('z4', 1.0)]"
Perfume (first 1000),M1,0.8999999999999999,"(1, 205, 1)",207.00000000000009,3,105.851843,SciOpt,Linux | 24 x 12th Gen Intel(R) Core(TM) i9-12900KS 1.760999999999999 MHz | 62.55 GB,"[('x3', 1.0)]","[('y5', 1.0), ('y9', 1.0), ('y12', 1.0), ('y13', 1.0), ('y14', 1.0), ('y15', 1.0), ('y16', 1.0), ('y18', 1.0), ('y19', 1.0), ('y20', 1.0), ('y31', 1.0), ('y32', 1.0), ('y33', 1.0), ('y37', 1.0), ('y38', 1.0), ('y41', 1.0), ('y42', 1.0), ('y44', 1.0), ('y47', 1.0), ('y56', 1.0), ('y58', 1.0), ('y66', 1.0), ('y68', 1.0), ('y71', 1.0), ('y77', 1.0), ('y90', 1.0), ('y91', 1.0), ('y97', 1.0), ('y98', 1.0), ('y104', 1.0), ('y105', 1.0), ('y107', 1.0), ('y116', 1.0), ('y117', 1.0), ('y122', 1.0), ('y126', 1.0), ('y128', 1.0), ('y129', 1.0), ('y130', 1.0), ('y131', 1.0), ('y132', 1.0), ('y138', 1.0), ('y142', 1.0), ('y143', 1.0), ('y144', 1.0), ('y145', 1.0), ('y147', 1.0), ('y148', 1.0), ('y149', 1.0), ('y152', 1.0), ('y153', 1.0), ('y156', 1.0), ('y157', 1.0), ('y159', 1.0), ('y160', 1.0), ('y166', 1.0), ('y167', 1.0), ('y175', 1.0), ('y176', 1.0), ('y178', 1.0), ('y180', 1.0), ('y181', 1.0), ('y182', 1.0), ('y184', 1.0), ('y186', 1.0), ('y194', 1.0), ('y195', 1.0), ('y196', 1.0), ('y197', 1.0), ('y200', 1.0), ('y203', 1.0), ('y205', 1.0), ('y211', 1.0), ('y219', 1.0), ('y220', 1.0), ('y223', 1.0), ('y243', 1.0), ('y246', 1.0), ('y248', 1.0), ('y250', 1.0), ('y265', 1.0), ('y268', 1.0), ('y279', 1.0), ('y281', 1.0), ('y282', 1.0), ('y285', 1.0), ('y289', 1.0), ('y290', 1.0), ('y295', 1.0), ('y300', 1.0), ('y302', 1.0), ('y305', 1.0), ('y309', 1.0), ('y310', 1.0), ('y312', 1.0), ('y313', 1.0), ('y319', 1.0), ('y320', 1.0), ('y321', 1.0), ('y329', 1.0), ('y331', 1.0), ('y340', 1.0), ('y341', 1.0), ('y343', 1.0), ('y344', 1.0), ('y351', 1.0), ('y352', 1.0), ('y353', 1.0), ('y355', 1.0), ('y360', 1.0), ('y361', 1.0), ('y364', 1.0), ('y371', 1.0), ('y373', 1.0), ('y375', 1.0), ('y381', 1.0), ('y386', 1.0), ('y387', 1.0), ('y402', 1.0), ('y405', 1.0), ('y409', 1.0), ('y418', 1.0), ('y420', 1.0), ('y423', 1.0), ('y427', 1.0), ('y429', 1.0), ('y430', 1.0), ('y431', 1.0), ('y433', 1.0), ('y435', 1.0), ('y436', 1.0), ('y437', 1.0), ('y444', 1.0), ('y446', 1.0), ('y449', 1.0), ('y451', 1.0), ('y463', 1.0), ('y466', 1.0), ('y469', 1.0), ('y480', 1.0), ('y482', 1.0), ('y483', 1.0), ('y484', 1.0), ('y485', 1.0), ('y491', 1.0), ('y495', 1.0), ('y504', 1.0), ('y507', 1.0), ('y508', 1.0), ('y512', 1.0), ('y514', 1.0), ('y517', 1.0), ('y521', 1.0), ('y524', 1.0), ('y533', 1.0), ('y536', 1.0), ('y540', 1.0), ('y541', 1.0), ('y547', 1.0), ('y552', 1.0), ('y553', 1.0), ('y559', 1.0), ('y560', 1.0), ('y573', 1.0), ('y576', 1.0), ('y579', 1.0), ('y581', 1.0), ('y584', 1.0), ('y589', 1.0), ('y593', 1.0), ('y595', 1.0), ('y596', 1.0), ('y598', 1.0), ('y599', 1.0), ('y602', 1.0), ('y606', 1.0), ('y609', 1.0), ('y613', 1.0), ('y620', 1.0), ('y631', 1.0), ('y635', 1.0), ('y638', 1.0), ('y639', 1.0), ('y641', 1.0), ('y642', 1.0), ('y645', 1.0), ('y648', 1.0), ('y649', 1.0), ('y650', 1.0), ('y655', 1.0), ('y659', 1.0), ('y661', 1.0), ('y675', 1.0), ('y679', 1.0), ('y680', 1.0), ('y687', 1.0), ('y688', 1.0), ('y689', 1.0), ('y691', 1.0), ('y692', 1.0), ('y693', 1.0), ('y696', 1.0), ('y699', 1.0), ('y700', 1.0), ('y701', 1.0)]","[('z4', 1.0)]"
Perfume (first 1000),M1,0.9999999999999999,"(1, 164, 1)",166.0,4,75.715773,SciOpt,Linux | 24 x 12th Gen Intel(R) Core(TM) i9-12900KS 1.2497916666666669 MHz | 62.55 GB,"[('x3', 1.0)]","[('y5', 1.0), ('y12', 1.0), ('y13', 1.0), ('y14', 1.0), ('y15', 1.0), ('y18', 1.0), ('y19', 1.0), ('y31', 1.0), ('y32', 1.0), ('y33', 1.0), ('y37', 1.0), ('y38', 1.0), ('y41', 1.0), ('y42', 1.0), ('y44', 1.0), ('y47', 1.0), ('y56', 1.0), ('y58', 1.0), ('y66', 1.0), ('y68', 1.0), ('y71', 1.0), ('y77', 1.0), ('y90', 1.0), ('y91', 1.0), ('y97', 1.0), ('y98', 1.0), ('y104', 1.0), ('y105', 1.0), ('y116', 1.0), ('y117', 1.0), ('y122', 1.0), ('y126', 1.0), ('y128', 1.0), ('y129', 1.0), ('y131', 1.0), ('y132', 1.0), ('y138', 1.0), ('y142', 1.0), ('y143', 1.0), ('y144', 1.0), ('y145', 1.0), ('y147', 1.0), ('y149', 1.0), ('y152', 1.0), ('y153', 1.0), ('y156', 1.0), ('y157', 1.0), ('y159', 1.0), ('y160', 1.0), ('y166', 1.0), ('y167', 1.0), ('y175', 1.0), ('y178', 1.0), ('y181', 1.0), ('y184', 1.0), ('y186', 1.0), ('y195', 1.0), ('y196', 1.0), ('y200', 1.0), ('y205', 1.0), ('y211', 1.0), ('y219', 1.0), ('y220', 1.0), ('y243', 1.0), ('y246', 1.0), ('y248', 1.0), ('y250', 1.0), ('y268', 1.0), ('y279', 1.0), ('y289', 1.0), ('y290', 1.0), ('y300', 1.0), ('y302', 1.0), ('y305', 1.0), ('y309', 1.0), ('y313', 1.0), ('y319', 1.0), ('y329', 1.0), ('y331', 1.0), ('y340', 1.0), ('y341', 1.0), ('y343', 1.0), ('y344', 1.0), ('y352', 1.0), ('y353', 1.0), ('y355', 1.0), ('y364', 1.0), ('y371', 1.0), ('y373', 1.0), ('y375', 1.0), ('y381', 1.0), ('y386', 1.0), ('y387', 1.0), ('y402', 1.0), ('y405', 1.0), ('y418', 1.0), ('y427', 1.0), ('y429', 1.0), ('y430', 1.0), ('y431', 1.0), ('y433', 1.0), ('y435', 1.0), ('y436', 1.0), ('y437', 1.0), ('y446', 1.0), ('y449', 1.0), ('y451', 1.0), ('y466', 1.0), ('y480', 1.0), ('y482', 1.0), ('y483', 1.0), ('y484', 1.0), ('y485', 1.0), ('y491', 1.0), ('y495', 1.0), ('y504', 1.0), ('y507', 1.0), ('y514', 1.0), ('y517', 1.0), ('y521', 1.0), ('y524', 1.0), ('y533', 1.0), ('y536', 1.0), ('y540', 1.0), ('y541', 1.0), ('y547', 1.0), ('y552', 1.0), ('y553', 1.0), ('y559', 1.0), ('y560', 1.0), ('y573', 1.0), ('y576', 1.0), ('y579', 1.0), ('y589', 1.0), ('y593', 1.0), ('y595', 1.0), ('y596', 1.0), ('y598', 1.0), ('y599', 1.0), ('y602', 1.0), ('y606', 1.0), ('y609', 1.0), ('y613', 1.0), ('y620', 1.0), ('y631', 1.0), ('y635', 1.0), ('y638', 1.0), ('y639', 1.0), ('y641', 1.0), ('y642', 1.0), ('y645', 1.0), ('y648', 1.0), ('y649', 1.0), ('y650', 1.0), ('y659', 1.0), ('y661', 1.0), ('y679', 1.0), ('y680', 1.0), ('y687', 1.0), ('y689', 1.0), ('y691', 1.0), ('y692', 1.0), ('y693', 1.0), ('y696', 1.0)]","[('z4', 1.0)]"
Perfume (first 1000),M2,0.5,"(2, 304, 3)",6.125935054547165,73,15045.233638,SciOpt,Linux | 24 x 12th Gen Intel(R) Core(TM) i9-12900KS 1.4515416666666663 MHz | 62.55 GB,"[('x3', 1.0), ('x7', 1.0)]","[('y5', 1.0), ('y7', 1.0), ('y8', 1.0), ('y9', 1.0), ('y13', 1.0), ('y14', 1.0), ('y16', 1.0), ('y17', 1.0), ('y18', 1.0), ('y19', 1.0), ('y24', 1.0), ('y26', 1.0), ('y32', 1.0), ('y33', 1.0), ('y37', 1.0), ('y38', 1.0), ('y39', 1.0), ('y41', 1.0), ('y42', 1.0), ('y43', 1.0), ('y47', 1.0), ('y51', 1.0), ('y52', 1.0), ('y53', 1.0), ('y55', 1.0), ('y56', 1.0), ('y57', 1.0), ('y64', 1.0), ('y65', 1.0), ('y68', 1.0), ('y71', 1.0), ('y72', 1.0), ('y73', 1.0), ('y74', 1.0), ('y76', 1.0), ('y79', 1.0), ('y80', 1.0), ('y86', 1.0), ('y88', 1.0), ('y90', 1.0), ('y94', 1.0), ('y98', 1.0), ('y99', 1.0), ('y100', 1.0), ('y105', 1.0), ('y106', 1.0), ('y107', 1.0), ('y108', 1.0), ('y113', 1.0), ('y114', 1.0), ('y115', 1.0), ('y116', 1.0), ('y122', 1.0), ('y125', 1.0), ('y127', 1.0), ('y128', 1.0), ('y129', 1.0), ('y131', 1.0), ('y132', 1.0), ('y137', 1.0), ('y138', 1.0), ('y144', 1.0), ('y145', 1.0), ('y148', 1.0), ('y149', 1.0), ('y150', 1.0), ('y152', 1.0), ('y154', 1.0), ('y156', 1.0), ('y157', 1.0), ('y159', 1.0), ('y160', 1.0), ('y166', 1.0), ('y167', 1.0), ('y169', 1.0), ('y170', 1.0), ('y171', 1.0), ('y173', 1.0), ('y176', 1.0), ('y178', 1.0), ('y181', 1.0), ('y182', 1.0), ('y184', 1.0), ('y185', 1.0), ('y186', 1.0), ('y192', 1.0), ('y194', 1.0), ('y195', 1.0), ('y196', 1.0), ('y198', 1.0), ('y200', 1.0), ('y203', 1.0), ('y205', 1.0), ('y206', 1.0), ('y208', 1.0), ('y209', 1.0), ('y213', 1.0), ('y217', 1.0), ('y220', 1.0), ('y223', 1.0), ('y229', 1.0), ('y233', 1.0), ('y236', 1.0), ('y238', 1.0), ('y245', 1.0), ('y246', 1.0), ('y248', 1.0), ('y253', 1.0), ('y258', 1.0), ('y260', 1.0), ('y262', 1.0), ('y265', 1.0), ('y266', 1.0), ('y267', 1.0), ('y268', 1.0), ('y269', 1.0), ('y272', 1.0), ('y276', 1.0), ('y277', 1.0), ('y278', 1.0), ('y279', 1.0), ('y281', 1.0), ('y282', 1.0), ('y283', 1.0), ('y287', 1.0), ('y288', 1.0), ('y289', 1.0), ('y290', 1.0), ('y295', 1.0), ('y296', 1.0), ('y300', 1.0), ('y302', 1.0), ('y303', 1.0), ('y305', 1.0), ('y307', 1.0), ('y309', 1.0), ('y310', 1.0), ('y312', 1.0), ('y313', 1.0), ('y316', 1.0), ('y321', 1.0), ('y326', 1.0), ('y329', 1.0), ('y331', 1.0), ('y332', 1.0), ('y339', 1.0), ('y340', 1.0), ('y341', 1.0), ('y343', 1.0), ('y344', 1.0), ('y347', 1.0), ('y349', 1.0), ('y351', 1.0), ('y353', 1.0), ('y355', 1.0), ('y358', 1.0), ('y359', 1.0), ('y360', 1.0), ('y361', 1.0), ('y362', 1.0), ('y363', 1.0), ('y364', 1.0), ('y370', 1.0), ('y371', 1.0), ('y372', 1.0), ('y373', 1.0), ('y375', 1.0), ('y381', 1.0), ('y382', 1.0), ('y387', 1.0), ('y388', 1.0), ('y393', 1.0), ('y398', 1.0), ('y400', 1.0), ('y402', 1.0), ('y405', 1.0), ('y409', 1.0), ('y410', 1.0), ('y411', 1.0), ('y418', 1.0), ('y420', 1.0), ('y423', 1.0), ('y428', 1.0), ('y429', 1.0), ('y431', 1.0), ('y433', 1.0), ('y435', 1.0), ('y436', 1.0), ('y437', 1.0), ('y439', 1.0), ('y441', 1.0), ('y442', 1.0), ('y443', 1.0), ('y444', 1.0), ('y446', 1.0), ('y448', 1.0), ('y449', 1.0), ('y451', 1.0), ('y452', 1.0), ('y453', 1.0), ('y461', 1.0), ('y462', 1.0), ('y464', 1.0), ('y465', 1.0), ('y466', 1.0), ('y467', 1.0), ('y468', 1.0), ('y469', 1.0), ('y470', 1.0), ('y478', 1.0), ('y479', 1.0), ('y480', 1.0), ('y482', 1.0), ('y483', 1.0), ('y484', 1.0), ('y485', 1.0), ('y486', 1.0), ('y487', 1.0), ('y488', 1.0), ('y491', 1.0), ('y497', 1.0), ('y498', 1.0), ('y499', 1.0), ('y504', 1.0), ('y507', 1.0), ('y509', 1.0), ('y511', 1.0), ('y512', 1.0), ('y513', 1.0), ('y514', 1.0), ('y517', 1.0), ('y519', 1.0), ('y521', 1.0), ('y522', 1.0), ('y526', 1.0), ('y532', 1.0), ('y533', 1.0), ('y535', 1.0), ('y540', 1.0), ('y541', 1.0), ('y542', 1.0), ('y545', 1.0), ('y546', 1.0), ('y547', 1.0), ('y551', 1.0), ('y552', 1.0), ('y555', 1.0), ('y559', 1.0), ('y560', 1.0), ('y568', 1.0), ('y571', 1.0), ('y573', 1.0), ('y574', 1.0), ('y579', 1.0), ('y581', 1.0), ('y582', 1.0), ('y589', 1.0), ('y590', 1.0), ('y594', 1.0), ('y595', 1.0), ('y599', 1.0), ('y602', 1.0), ('y603', 1.0), ('y606', 1.0), ('y608', 1.0), ('y610', 1.0), ('y611', 1.0), ('y613', 1.0), ('y615', 1.0), ('y616', 1.0), ('y618', 1.0), ('y620', 1.0), ('y621', 1.0), ('y623', 1.0), ('y628', 1.0), ('y629', 1.0), ('y631', 1.0), ('y634', 1.0), ('y637', 1.0), ('y639', 1.0), ('y641', 1.0), ('y642', 1.0), ('y644', 1.0), ('y645', 1.0), ('y648', 1.0), ('y649', 1.0), ('y651', 1.0), ('y658', 1.0), ('y666', 1.0), ('y670', 1.0), ('y671', 1.0), ('y673', 1.0), ('y676', 1.0), ('y677', 1.0), ('y679', 1.0), ('y686', 1.0), ('y688', 1.0), ('y689', 1.0), ('y691', 1.0), ('y692', 1.0), ('y698', 1.0), ('y700', 1.0), ('y701', 1.0), ('y702', 1.0)]","[('z4', 1.0), ('z5', 1.0), ('z7', 1.0)]"
Perfume (first 1000),M2,0.6,"(2, 151, 3)",5.734005451150054,52,8362.093516,SciOpt,Linux | 24 x 12th Gen Intel(R) Core(TM) i9-12900KS 1.7276666666666654 MHz | 62.55 GB,"[('x3', 1.0), ('x7', 1.0)]","[('y5', 1.0), ('y7', 1.0), ('y8', 1.0), ('y13', 1.0), ('y16', 1.0), ('y19', 1.0), ('y24', 1.0), ('y26', 1.0), ('y32', 1.0), ('y33', 1.0), ('y39', 1.0), ('y43', 1.0), ('y52', 1.0), ('y55', 1.0), ('y65', 1.0), ('y68', 1.0), ('y72', 1.0), ('y73', 1.0), ('y74', 1.0), ('y76', 1.0), ('y79', 1.0), ('y86', 1.0), ('y94', 1.0), ('y99', 1.0), ('y100', 1.0), ('y105', 1.0), ('y114', 1.0), ('y115', 1.0), ('y125', 1.0), ('y132', 1.0), ('y137', 1.0), ('y145', 1.0), ('y148', 1.0), ('y154', 1.0), ('y160', 1.0), ('y166', 1.0), ('y167', 1.0), ('y169', 1.0), ('y173', 1.0), ('y176', 1.0), ('y184', 1.0), ('y185', 1.0), ('y192', 1.0), ('y194', 1.0), ('y195', 1.0), ('y200', 1.0), ('y206', 1.0), ('y209', 1.0), ('y213', 1.0), ('y220', 1.0), ('y223', 1.0), ('y233', 1.0), ('y236', 1.0), ('y238', 1.0), ('y246', 1.0), ('y253', 1.0), ('y258', 1.0), ('y260', 1.0), ('y265', 1.0), ('y268', 1.0), ('y269', 1.0), ('y278', 1.0), ('y281', 1.0), ('y282', 1.0), ('y283', 1.0), ('y289', 1.0), ('y296', 1.0), ('y302', 1.0), ('y309', 1.0), ('y312', 1.0), ('y326', 1.0), ('y343', 1.0), ('y349', 1.0), ('y351', 1.0), ('y358', 1.0), ('y359', 1.0), ('y360', 1.0), ('y363', 1.0), ('y370', 1.0), ('y382', 1.0), ('y388', 1.0), ('y393', 1.0), ('y400', 1.0), ('y402', 1.0), ('y410', 1.0), ('y411', 1.0), ('y418', 1.0), ('y423', 1.0), ('y431', 1.0), ('y433', 1.0), ('y441', 1.0), ('y443', 1.0), ('y446', 1.0), ('y462', 1.0), ('y464', 1.0), ('y465', 1.0), ('y466', 1.0), ('y468', 1.0), ('y469', 1.0), ('y478', 1.0), ('y479', 1.0), ('y488', 1.0), ('y491', 1.0), ('y497', 1.0), ('y498', 1.0), ('y499', 1.0), ('y504', 1.0), ('y507', 1.0), ('y509', 1.0), ('y511', 1.0), ('y512', 1.0), ('y517', 1.0), ('y521', 1.0), ('y522', 1.0), ('y526', 1.0), ('y532', 1.0), ('y533', 1.0), ('y542', 1.0), ('y545', 1.0), ('y546', 1.0), ('y547', 1.0), ('y559', 1.0), ('y568', 1.0), ('y571', 1.0), ('y574', 1.0), ('y608', 1.0), ('y613', 1.0), ('y615', 1.0), ('y616', 1.0), ('y618', 1.0), ('y620', 1.0), ('y621', 1.0), ('y623', 1.0), ('y628', 1.0), ('y634', 1.0), ('y640', 1.0), ('y644', 1.0), ('y648', 1.0), ('y649', 1.0), ('y651', 1.0), ('y666', 1.0), ('y670', 1.0), ('y671', 1.0), ('y676', 1.0), ('y686', 1.0), ('y688', 1.0), ('y689', 1.0), ('y691', 1.0), ('y692', 1.0), ('y698', 1.0), ('y700', 1.0)]","[('z4', 1.0), ('z5', 1.0), ('z7', 1.0)]"
Perfume (first 1000),M2,0.7,"(-, -, -)",-,No solution in time,36000,SciOpt,Linux | 24 x 12th Gen Intel(R) Core(TM) i9-12900KS 1.955583333333333 MHz | 62.55 GB,-,-,-
Perfume (first 1000),M2,0.7999999999999999,"(1, 273, 1)",5.164094997420621,27,5928.887053,SciOpt,Linux | 24 x 12th Gen Intel(R) Core(TM) i9-12900KS 2.0332499999999993 MHz | 62.55 GB,"[('x3', 1.0)]","[('y5', 1.0), ('y7', 1.0), ('y9', 1.0), ('y10', 1.0), ('y12', 1.0), ('y13', 1.0), ('y14', 1.0), ('y15', 1.0), ('y16', 1.0), ('y17', 1.0), ('y18', 1.0), ('y19', 1.0), ('y20', 1.0), ('y31', 1.0), ('y32', 1.0), ('y33', 1.0), ('y35', 1.0), ('y37', 1.0), ('y38', 1.0), ('y39', 1.0), ('y41', 1.0), ('y42', 1.0), ('y43', 1.0), ('y44', 1.0), ('y47', 1.0), ('y51', 1.0), ('y56', 1.0), ('y58', 1.0), ('y63', 1.0), ('y66', 1.0), ('y68', 1.0), ('y70', 1.0), ('y71', 1.0), ('y72', 1.0), ('y74', 1.0), ('y77', 1.0), ('y79', 1.0), ('y81', 1.0), ('y90', 1.0), ('y91', 1.0), ('y97', 1.0), ('y98', 1.0), ('y100', 1.0), ('y104', 1.0), ('y105', 1.0), ('y106', 1.0), ('y111', 1.0), ('y113', 1.0), ('y114', 1.0), ('y116', 1.0), ('y117', 1.0), ('y118', 1.0), ('y122', 1.0), ('y126', 1.0), ('y127', 1.0), ('y128', 1.0), ('y129', 1.0), ('y130', 1.0), ('y131', 1.0), ('y132', 1.0), ('y135', 1.0), ('y138', 1.0), ('y142', 1.0), ('y143', 1.0), ('y144', 1.0), ('y145', 1.0), ('y147', 1.0), ('y148', 1.0), ('y149', 1.0), ('y150', 1.0), ('y152', 1.0), ('y153', 1.0), ('y156', 1.0), ('y157', 1.0), ('y159', 1.0), ('y160', 1.0), ('y163', 1.0), ('y166', 1.0), ('y167', 1.0), ('y170', 1.0), ('y171', 1.0), ('y173', 1.0), ('y175', 1.0), ('y176', 1.0), ('y178', 1.0), ('y179', 1.0), ('y181', 1.0), ('y184', 1.0), ('y186', 1.0), ('y187', 1.0), ('y192', 1.0), ('y194', 1.0), ('y195', 1.0), ('y196', 1.0), ('y200', 1.0), ('y203', 1.0), ('y205', 1.0), ('y209', 1.0), ('y211', 1.0), ('y219', 1.0), ('y220', 1.0), ('y221', 1.0), ('y224', 1.0), ('y236', 1.0), ('y243', 1.0), ('y245', 1.0), ('y246', 1.0), ('y248', 1.0), ('y250', 1.0), ('y265', 1.0), ('y268', 1.0), ('y277', 1.0), ('y278', 1.0), ('y279', 1.0), ('y282', 1.0), ('y283', 1.0), ('y285', 1.0), ('y289', 1.0), ('y290', 1.0), ('y300', 1.0), ('y301', 1.0), ('y302', 1.0), ('y303', 1.0), ('y305', 1.0), ('y309', 1.0), ('y310', 1.0), ('y313', 1.0), ('y319', 1.0), ('y322', 1.0), ('y329', 1.0), ('y331', 1.0), ('y334', 1.0), ('y340', 1.0), ('y341', 1.0), ('y343', 1.0), ('y344', 1.0), ('y347', 1.0), ('y348', 1.0), ('y352', 1.0), ('y353', 1.0), ('y355', 1.0), ('y359', 1.0), ('y360', 1.0), ('y363', 1.0), ('y364', 1.0), ('y369', 1.0), ('y371', 1.0), ('y373', 1.0), ('y375', 1.0), ('y381', 1.0), ('y383', 1.0), ('y386', 1.0), ('y387', 1.0), ('y388', 1.0), ('y394', 1.0), ('y395', 1.0), ('y400', 1.0), ('y402', 1.0), ('y405', 1.0), ('y409', 1.0), ('y412', 1.0), ('y418', 1.0), ('y419', 1.0), ('y427', 1.0), ('y429', 1.0), ('y430', 1.0), ('y431', 1.0), ('y433', 1.0), ('y435', 1.0), ('y436', 1.0), ('y437', 1.0), ('y439', 1.0), ('y443', 1.0), ('y444', 1.0), ('y446', 1.0), ('y447', 1.0), ('y448', 1.0), ('y449', 1.0), ('y451', 1.0), ('y453', 1.0), ('y466', 1.0), ('y477', 1.0), ('y479', 1.0), ('y480', 1.0), ('y481', 1.0), ('y482', 1.0), ('y483', 1.0), ('y484', 1.0), ('y485', 1.0), ('y487', 1.0), ('y491', 1.0), ('y494', 1.0), ('y495', 1.0), ('y496', 1.0), ('y497', 1.0), ('y501', 1.0), ('y504', 1.0), ('y507', 1.0), ('y512', 1.0), ('y514', 1.0), ('y517', 1.0), ('y521', 1.0), ('y522', 1.0), ('y524', 1.0), ('y533', 1.0), ('y535', 1.0), ('y536', 1.0), ('y540', 1.0), ('y541', 1.0), ('y542', 1.0), ('y546', 1.0), ('y547', 1.0), ('y552', 1.0), ('y553', 1.0), ('y556', 1.0), ('y559', 1.0), ('y560', 1.0), ('y571', 1.0), ('y573', 1.0), ('y576', 1.0), ('y579', 1.0), ('y584', 1.0), ('y589', 1.0), ('y593', 1.0), ('y594', 1.0), ('y595', 1.0), ('y596', 1.0), ('y598', 1.0), ('y599', 1.0), ('y602', 1.0), ('y603', 1.0), ('y605', 1.0), ('y606', 1.0), ('y608', 1.0), ('y609', 1.0), ('y610', 1.0), ('y611', 1.0), ('y613', 1.0), ('y615', 1.0), ('y620', 1.0), ('y621', 1.0), ('y623', 1.0), ('y631', 1.0), ('y635', 1.0), ('y638', 1.0), ('y639', 1.0), ('y641', 1.0), ('y642', 1.0), ('y645', 1.0), ('y648', 1.0), ('y649', 1.0), ('y650', 1.0), ('y651', 1.0), ('y652', 1.0), ('y654', 1.0), ('y658', 1.0), ('y659', 1.0), ('y661', 1.0), ('y666', 1.0), ('y679', 1.0), ('y680', 1.0), ('y686', 1.0), ('y687', 1.0), ('y688', 1.0), ('y689', 1.0), ('y691', 1.0), ('y692', 1.0), ('y693', 1.0), ('y696', 1.0), ('y697', 1.0), ('y698', 1.0), ('y701', 1.0), ('y702', 1.0)]","[('z4', 1.0)]"
Perfume (first 1000),M2,0.8999999999999999,"(1, 205, 1)",5.112281603548899,45,11408.754111,SciOpt,Linux | 24 x 12th Gen Intel(R) Core(TM) i9-12900KS 1.5664583333333326 MHz | 62.55 GB,"[('x3', 1.0)]","[('y5', 1.0), ('y7', 1.0), ('y12', 1.0), ('y13', 1.0), ('y14', 1.0), ('y15', 1.0), ('y16', 1.0), ('y18', 1.0), ('y19', 1.0), ('y20', 1.0), ('y31', 1.0), ('y32', 1.0), ('y33', 1.0), ('y37', 1.0), ('y38', 1.0), ('y41', 1.0), ('y42', 1.0), ('y44', 1.0), ('y47', 1.0), ('y56', 1.0), ('y58', 1.0), ('y66', 1.0), ('y68', 1.0), ('y71', 1.0), ('y72', 1.0), ('y77', 1.0), ('y79', 1.0), ('y90', 1.0), ('y91', 1.0), ('y97', 1.0), ('y98', 1.0), ('y104', 1.0), ('y105', 1.0), ('y107', 1.0), ('y113', 1.0), ('y116', 1.0), ('y117', 1.0), ('y122', 1.0), ('y126', 1.0), ('y128', 1.0), ('y129', 1.0), ('y131', 1.0), ('y132', 1.0), ('y138', 1.0), ('y142', 1.0), ('y143', 1.0), ('y144', 1.0), ('y145', 1.0), ('y147', 1.0), ('y148', 1.0), ('y149', 1.0), ('y152', 1.0), ('y153', 1.0), ('y156', 1.0), ('y157', 1.0), ('y159', 1.0), ('y160', 1.0), ('y166', 1.0), ('y167', 1.0), ('y173', 1.0), ('y175', 1.0), ('y176', 1.0), ('y178', 1.0), ('y181', 1.0), ('y184', 1.0), ('y186', 1.0), ('y187', 1.0), ('y195', 1.0), ('y196', 1.0), ('y200', 1.0), ('y205', 1.0), ('y209', 1.0), ('y211', 1.0), ('y219', 1.0), ('y220', 1.0), ('y223', 1.0), ('y233', 1.0), ('y236', 1.0), ('y238', 1.0), ('y243', 1.0), ('y246', 1.0), ('y248', 1.0), ('y250', 1.0), ('y268', 1.0), ('y279', 1.0), ('y289', 1.0), ('y290', 1.0), ('y300', 1.0), ('y302', 1.0), ('y305', 1.0), ('y309', 1.0), ('y310', 1.0), ('y313', 1.0), ('y319', 1.0), ('y322', 1.0), ('y329', 1.0), ('y331', 1.0), ('y340', 1.0), ('y341', 1.0), ('y343', 1.0), ('y344', 1.0), ('y351', 1.0), ('y352', 1.0), ('y353', 1.0), ('y355', 1.0), ('y364', 1.0), ('y371', 1.0), ('y373', 1.0), ('y375', 1.0), ('y381', 1.0), ('y386', 1.0), ('y387', 1.0), ('y400', 1.0), ('y402', 1.0), ('y405', 1.0), ('y418', 1.0), ('y427', 1.0), ('y429', 1.0), ('y430', 1.0), ('y431', 1.0), ('y433', 1.0), ('y435', 1.0), ('y436', 1.0), ('y437', 1.0), ('y439', 1.0), ('y441', 1.0), ('y443', 1.0), ('y446', 1.0), ('y449', 1.0), ('y451', 1.0), ('y453', 1.0), ('y458', 1.0), ('y466', 1.0), ('y476', 1.0), ('y480', 1.0), ('y482', 1.0), ('y483', 1.0), ('y484', 1.0), ('y485', 1.0), ('y491', 1.0), ('y495', 1.0), ('y497', 1.0), ('y504', 1.0), ('y507', 1.0), ('y511', 1.0), ('y514', 1.0), ('y517', 1.0), ('y521', 1.0), ('y522', 1.0), ('y524', 1.0), ('y533', 1.0), ('y535', 1.0), ('y536', 1.0), ('y540', 1.0), ('y541', 1.0), ('y547', 1.0), ('y552', 1.0), ('y553', 1.0), ('y559', 1.0), ('y560', 1.0), ('y571', 1.0), ('y573', 1.0), ('y575', 1.0), ('y576', 1.0), ('y579', 1.0), ('y589', 1.0), ('y593', 1.0), ('y594', 1.0), ('y595', 1.0), ('y596', 1.0), ('y598', 1.0), ('y599', 1.0), ('y602', 1.0), ('y606', 1.0), ('y609', 1.0), ('y610', 1.0), ('y613', 1.0), ('y620', 1.0), ('y629', 1.0), ('y631', 1.0), ('y635', 1.0), ('y638', 1.0), ('y639', 1.0), ('y640', 1.0), ('y641', 1.0), ('y642', 1.0), ('y645', 1.0), ('y648', 1.0), ('y649', 1.0), ('y650', 1.0), ('y658', 1.0), ('y659', 1.0), ('y661', 1.0), ('y673', 1.0), ('y679', 1.0), ('y680', 1.0), ('y683', 1.0), ('y687', 1.0), ('y688', 1.0), ('y689', 1.0), ('y691', 1.0), ('y692', 1.0), ('y693', 1.0), ('y696', 1.0), ('y700', 1.0)]","[('z4', 1.0)]"
Perfume (first 1000),M2,0.9999999999999999,"(1, 164, 1)",5.0998664278242,14,3985.911837,SciOpt,Linux | 24 x 12th Gen Intel(R) Core(TM) i9-12900KS 1.9391249999999995 MHz | 62.55 GB,"[('x3', 1.0)]","[('y5', 1.0), ('y12', 1.0), ('y13', 1.0), ('y14', 1.0), ('y15', 1.0), ('y18', 1.0), ('y19', 1.0), ('y31', 1.0), ('y32', 1.0), ('y33', 1.0), ('y37', 1.0), ('y38', 1.0), ('y41', 1.0), ('y42', 1.0), ('y44', 1.0), ('y47', 1.0), ('y56', 1.0), ('y58', 1.0), ('y66', 1.0), ('y68', 1.0), ('y71', 1.0), ('y77', 1.0), ('y90', 1.0), ('y91', 1.0), ('y97', 1.0), ('y98', 1.0), ('y104', 1.0), ('y105', 1.0), ('y116', 1.0), ('y117', 1.0), ('y122', 1.0), ('y126', 1.0), ('y128', 1.0), ('y129', 1.0), ('y131', 1.0), ('y132', 1.0), ('y138', 1.0), ('y142', 1.0), ('y143', 1.0), ('y144', 1.0), ('y145', 1.0), ('y147', 1.0), ('y149', 1.0), ('y152', 1.0), ('y153', 1.0), ('y156', 1.0), ('y157', 1.0), ('y159', 1.0), ('y160', 1.0), ('y166', 1.0), ('y167', 1.0), ('y175', 1.0), ('y178', 1.0), ('y181', 1.0), ('y184', 1.0), ('y186', 1.0), ('y195', 1.0), ('y196', 1.0), ('y200', 1.0), ('y205', 1.0), ('y211', 1.0), ('y219', 1.0), ('y220', 1.0), ('y243', 1.0), ('y246', 1.0), ('y248', 1.0), ('y250', 1.0), ('y268', 1.0), ('y279', 1.0), ('y289', 1.0), ('y290', 1.0), ('y300', 1.0), ('y302', 1.0), ('y305', 1.0), ('y309', 1.0), ('y313', 1.0), ('y319', 1.0), ('y329', 1.0), ('y331', 1.0), ('y340', 1.0), ('y341', 1.0), ('y343', 1.0), ('y344', 1.0), ('y352', 1.0), ('y353', 1.0), ('y355', 1.0), ('y364', 1.0), ('y371', 1.0), ('y373', 1.0), ('y375', 1.0), ('y381', 1.0), ('y386', 1.0), ('y387', 1.0), ('y402', 1.0), ('y405', 1.0), ('y418', 1.0), ('y427', 1.0), ('y429', 1.0), ('y430', 1.0), ('y431', 1.0), ('y433', 1.0), ('y435', 1.0), ('y436', 1.0), ('y437', 1.0), ('y446', 1.0), ('y449', 1.0), ('y451', 1.0), ('y466', 1.0), ('y480', 1.0), ('y482', 1.0), ('y483', 1.0), ('y484', 1.0), ('y485', 1.0), ('y491', 1.0), ('y495', 1.0), ('y504', 1.0), ('y507', 1.0), ('y514', 1.0), ('y517', 1.0), ('y521', 1.0), ('y524', 1.0), ('y533', 1.0), ('y536', 1.0), ('y540', 1.0), ('y541', 1.0), ('y547', 1.0), ('y552', 1.0), ('y553', 1.0), ('y559', 1.0), ('y560', 1.0), ('y573', 1.0), ('y576', 1.0), ('y579', 1.0), ('y589', 1.0), ('y593', 1.0), ('y595', 1.0), ('y596', 1.0), ('y598', 1.0), ('y599', 1.0), ('y602', 1.0), ('y606', 1.0), ('y609', 1.0), ('y613', 1.0), ('y620', 1.0), ('y631', 1.0), ('y635', 1.0), ('y638', 1.0), ('y639', 1.0), ('y641', 1.0), ('y642', 1.0), ('y645', 1.0), ('y648', 1.0), ('y649', 1.0), ('y650', 1.0), ('y659', 1.0), ('y661', 1.0), ('y679', 1.0), ('y680', 1.0), ('y687', 1.0), ('y689', 1.0), ('y691', 1.0), ('y692', 1.0), ('y693', 1.0), ('y696', 1.0)]","[('z4', 1.0)]"
Bibsonomy (last 1000),M1,0.5,"(-, -, -)",-,No solution in time,36000,SciOpt,Linux | 24 x 12th Gen Intel(R) Core(TM) i9-12900KS 4.607833333333335 MHz | 62.55 GB,-,-,-
Bibsonomy (last 1000),M1,0.6,"(-, -, -)",-,No solution in time,36000,SciOpt,Linux | 24 x 12th Gen Intel(R) Core(TM) i9-12900KS 3.249791666666667 MHz | 62.55 GB,-,-,-
